,0,1,2,3,4,5,6,7,8,9,10,11,12,13,14,15,16,17,18,19,20,21,22,23,24,25,26,27,28,29,30,31,32,33,34,35,36,37,38,39,40,41,42,43,44,45,46,47,48,49
0,F0semitoneFrom27.5Hz_sma3nz_percentile20.0,F0semitoneFrom27.5Hz_sma3nz_percentile20.0,F0semitoneFrom27.5Hz_sma3nz_percentile20.0,F0semitoneFrom27.5Hz_sma3nz_percentile20.0,F0semitoneFrom27.5Hz_sma3nz_percentile20.0,F0semitoneFrom27.5Hz_sma3nz_percentile20.0,F0semitoneFrom27.5Hz_sma3nz_percentile20.0,F0semitoneFrom27.5Hz_sma3nz_percentile20.0,F0semitoneFrom27.5Hz_sma3nz_percentile20.0,F0semitoneFrom27.5Hz_sma3nz_pctlrange0-2,F0semitoneFrom27.5Hz_sma3nz_percentile20.0,F0semitoneFrom27.5Hz_sma3nz_percentile20.0,F0semitoneFrom27.5Hz_sma3nz_percentile20.0,F0semitoneFrom27.5Hz_sma3nz_percentile20.0,F0semitoneFrom27.5Hz_sma3nz_percentile20.0,F0semitoneFrom27.5Hz_sma3nz_percentile20.0,F0semitoneFrom27.5Hz_sma3nz_percentile20.0,F0semitoneFrom27.5Hz_sma3nz_percentile20.0,F0semitoneFrom27.5Hz_sma3nz_percentile20.0,F0semitoneFrom27.5Hz_sma3nz_percentile20.0,F0semitoneFrom27.5Hz_sma3nz_percentile20.0,F0semitoneFrom27.5Hz_sma3nz_percentile20.0,F0semitoneFrom27.5Hz_sma3nz_percentile20.0,F0semitoneFrom27.5Hz_sma3nz_percentile20.0,F0semitoneFrom27.5Hz_sma3nz_pctlrange0-2,F0semitoneFrom27.5Hz_sma3nz_percentile20.0,F0semitoneFrom27.5Hz_sma3nz_percentile20.0,F0semitoneFrom27.5Hz_sma3nz_percentile20.0,F0semitoneFrom27.5Hz_sma3nz_percentile20.0,F0semitoneFrom27.5Hz_sma3nz_percentile20.0,F0semitoneFrom27.5Hz_sma3nz_percentile20.0,F0semitoneFrom27.5Hz_sma3nz_percentile20.0,F0semitoneFrom27.5Hz_sma3nz_percentile20.0,F0semitoneFrom27.5Hz_sma3nz_percentile20.0,F0semitoneFrom27.5Hz_sma3nz_percentile20.0,F0semitoneFrom27.5Hz_sma3nz_percentile20.0,F0semitoneFrom27.5Hz_sma3nz_percentile20.0,F0semitoneFrom27.5Hz_sma3nz_percentile20.0,F0semitoneFrom27.5Hz_sma3nz_percentile20.0,F0semitoneFrom27.5Hz_sma3nz_percentile20.0,F0semitoneFrom27.5Hz_sma3nz_pctlrange0-2,F0semitoneFrom27.5Hz_sma3nz_percentile20.0,F0semitoneFrom27.5Hz_sma3nz_percentile20.0,F0semitoneFrom27.5Hz_sma3nz_percentile20.0,F0semitoneFrom27.5Hz_sma3nz_pctlrange0-2,F0semitoneFrom27.5Hz_sma3nz_percentile20.0,F0semitoneFrom27.5Hz_sma3nz_percentile20.0,F0semitoneFrom27.5Hz_sma3nz_percentile20.0,F0semitoneFrom27.5Hz_sma3nz_percentile20.0,F0semitoneFrom27.5Hz_sma3nz_pctlrange0-2
1,F0semitoneFrom27.5Hz_sma3nz_percentile50.0,F0semitoneFrom27.5Hz_sma3nz_percentile50.0,F0semitoneFrom27.5Hz_sma3nz_percentile50.0,F0semitoneFrom27.5Hz_sma3nz_percentile50.0,F0semitoneFrom27.5Hz_sma3nz_percentile50.0,F0semitoneFrom27.5Hz_sma3nz_percentile50.0,F0semitoneFrom27.5Hz_sma3nz_percentile50.0,F0semitoneFrom27.5Hz_sma3nz_percentile50.0,F0semitoneFrom27.5Hz_sma3nz_percentile50.0,F0semitoneFrom27.5Hz_sma3nz_percentile20.0,F0semitoneFrom27.5Hz_sma3nz_percentile50.0,F0semitoneFrom27.5Hz_sma3nz_percentile50.0,F0semitoneFrom27.5Hz_sma3nz_percentile50.0,F0semitoneFrom27.5Hz_sma3nz_percentile50.0,F0semitoneFrom27.5Hz_sma3nz_percentile50.0,F0semitoneFrom27.5Hz_sma3nz_percentile50.0,F0semitoneFrom27.5Hz_sma3nz_percentile50.0,F0semitoneFrom27.5Hz_sma3nz_percentile50.0,F0semitoneFrom27.5Hz_sma3nz_percentile50.0,F0semitoneFrom27.5Hz_sma3nz_percentile50.0,F0semitoneFrom27.5Hz_sma3nz_percentile50.0,F0semitoneFrom27.5Hz_sma3nz_percentile50.0,F0semitoneFrom27.5Hz_sma3nz_percentile50.0,F0semitoneFrom27.5Hz_sma3nz_percentile50.0,F0semitoneFrom27.5Hz_sma3nz_percentile20.0,F0semitoneFrom27.5Hz_sma3nz_percentile50.0,F0semitoneFrom27.5Hz_sma3nz_percentile50.0,F0semitoneFrom27.5Hz_sma3nz_percentile50.0,F0semitoneFrom27.5Hz_sma3nz_percentile50.0,F0semitoneFrom27.5Hz_sma3nz_percentile50.0,F0semitoneFrom27.5Hz_sma3nz_percentile50.0,F0semitoneFrom27.5Hz_sma3nz_percentile50.0,F0semitoneFrom27.5Hz_sma3nz_percentile50.0,F0semitoneFrom27.5Hz_sma3nz_percentile50.0,F0semitoneFrom27.5Hz_sma3nz_percentile50.0,F0semitoneFrom27.5Hz_sma3nz_percentile50.0,F0semitoneFrom27.5Hz_sma3nz_percentile50.0,F0semitoneFrom27.5Hz_sma3nz_percentile50.0,F0semitoneFrom27.5Hz_sma3nz_percentile50.0,F0semitoneFrom27.5Hz_sma3nz_percentile50.0,F0semitoneFrom27.5Hz_sma3nz_percentile20.0,F0semitoneFrom27.5Hz_sma3nz_percentile50.0,F0semitoneFrom27.5Hz_sma3nz_percentile50.0,F0semitoneFrom27.5Hz_sma3nz_percentile50.0,F0semitoneFrom27.5Hz_sma3nz_percentile20.0,F0semitoneFrom27.5Hz_sma3nz_percentile50.0,F0semitoneFrom27.5Hz_sma3nz_percentile50.0,F0semitoneFrom27.5Hz_sma3nz_percentile50.0,F0semitoneFrom27.5Hz_sma3nz_percentile50.0,F0semitoneFrom27.5Hz_sma3nz_percentile20.0
2,F0semitoneFrom27.5Hz_sma3nz_percentile80.0,F0semitoneFrom27.5Hz_sma3nz_percentile80.0,F0semitoneFrom27.5Hz_sma3nz_percentile80.0,F0semitoneFrom27.5Hz_sma3nz_percentile80.0,F0semitoneFrom27.5Hz_sma3nz_percentile80.0,F0semitoneFrom27.5Hz_sma3nz_percentile80.0,F0semitoneFrom27.5Hz_sma3nz_percentile80.0,F0semitoneFrom27.5Hz_sma3nz_percentile80.0,F0semitoneFrom27.5Hz_sma3nz_percentile80.0,F0semitoneFrom27.5Hz_sma3nz_percentile50.0,F0semitoneFrom27.5Hz_sma3nz_percentile80.0,F0semitoneFrom27.5Hz_sma3nz_percentile80.0,F0semitoneFrom27.5Hz_sma3nz_percentile80.0,F0semitoneFrom27.5Hz_sma3nz_percentile80.0,F0semitoneFrom27.5Hz_sma3nz_percentile80.0,F0semitoneFrom27.5Hz_sma3nz_percentile80.0,F0semitoneFrom27.5Hz_sma3nz_percentile80.0,F0semitoneFrom27.5Hz_sma3nz_percentile80.0,F0semitoneFrom27.5Hz_sma3nz_percentile80.0,F0semitoneFrom27.5Hz_sma3nz_percentile80.0,F0semitoneFrom27.5Hz_sma3nz_percentile80.0,F0semitoneFrom27.5Hz_sma3nz_percentile80.0,F0semitoneFrom27.5Hz_sma3nz_percentile80.0,F0semitoneFrom27.5Hz_sma3nz_percentile80.0,F0semitoneFrom27.5Hz_sma3nz_percentile50.0,F0semitoneFrom27.5Hz_sma3nz_percentile80.0,F0semitoneFrom27.5Hz_sma3nz_percentile80.0,F0semitoneFrom27.5Hz_sma3nz_percentile80.0,F0semitoneFrom27.5Hz_sma3nz_percentile80.0,F0semitoneFrom27.5Hz_sma3nz_percentile80.0,F0semitoneFrom27.5Hz_sma3nz_percentile80.0,F0semitoneFrom27.5Hz_sma3nz_percentile80.0,F0semitoneFrom27.5Hz_sma3nz_percentile80.0,F0semitoneFrom27.5Hz_sma3nz_percentile80.0,F0semitoneFrom27.5Hz_sma3nz_percentile80.0,F0semitoneFrom27.5Hz_sma3nz_percentile80.0,F0semitoneFrom27.5Hz_sma3nz_percentile80.0,F0semitoneFrom27.5Hz_sma3nz_percentile80.0,F0semitoneFrom27.5Hz_sma3nz_percentile80.0,F0semitoneFrom27.5Hz_sma3nz_percentile80.0,F0semitoneFrom27.5Hz_sma3nz_percentile50.0,F0semitoneFrom27.5Hz_sma3nz_percentile80.0,F0semitoneFrom27.5Hz_sma3nz_percentile80.0,F0semitoneFrom27.5Hz_sma3nz_percentile80.0,F0semitoneFrom27.5Hz_sma3nz_percentile50.0,F0semitoneFrom27.5Hz_sma3nz_percentile80.0,F0semitoneFrom27.5Hz_sma3nz_percentile80.0,F0semitoneFrom27.5Hz_sma3nz_percentile80.0,F0semitoneFrom27.5Hz_sma3nz_percentile80.0,F0semitoneFrom27.5Hz_sma3nz_percentile50.0
3,F0semitoneFrom27.5Hz_sma3nz_stddevFallingSlope,F0semitoneFrom27.5Hz_sma3nz_stddevFallingSlope,F0semitoneFrom27.5Hz_sma3nz_stddevFallingSlope,F0semitoneFrom27.5Hz_sma3nz_stddevFallingSlope,F0semitoneFrom27.5Hz_sma3nz_stddevFallingSlope,F0semitoneFrom27.5Hz_sma3nz_stddevFallingSlope,F0semitoneFrom27.5Hz_sma3nz_stddevFallingSlope,F0semitoneFrom27.5Hz_sma3nz_stddevFallingSlope,F0semitoneFrom27.5Hz_sma3nz_stddevFallingSlope,F0semitoneFrom27.5Hz_sma3nz_percentile80.0,F0semitoneFrom27.5Hz_sma3nz_stddevFallingSlope,F0semitoneFrom27.5Hz_sma3nz_stddevFallingSlope,F0semitoneFrom27.5Hz_sma3nz_stddevFallingSlope,F0semitoneFrom27.5Hz_sma3nz_stddevFallingSlope,F0semitoneFrom27.5Hz_sma3nz_stddevFallingSlope,F0semitoneFrom27.5Hz_sma3nz_stddevFallingSlope,F0semitoneFrom27.5Hz_sma3nz_stddevFallingSlope,F0semitoneFrom27.5Hz_sma3nz_stddevFallingSlope,F0semitoneFrom27.5Hz_sma3nz_stddevFallingSlope,F0semitoneFrom27.5Hz_sma3nz_stddevFallingSlope,F0semitoneFrom27.5Hz_sma3nz_stddevFallingSlope,F0semitoneFrom27.5Hz_sma3nz_stddevFallingSlope,F0semitoneFrom27.5Hz_sma3nz_stddevFallingSlope,F0semitoneFrom27.5Hz_sma3nz_stddevFallingSlope,F0semitoneFrom27.5Hz_sma3nz_percentile80.0,F0semitoneFrom27.5Hz_sma3nz_stddevFallingSlope,F0semitoneFrom27.5Hz_sma3nz_stddevFallingSlope,F0semitoneFrom27.5Hz_sma3nz_stddevFallingSlope,F0semitoneFrom27.5Hz_sma3nz_stddevFallingSlope,F0semitoneFrom27.5Hz_sma3nz_stddevFallingSlope,F0semitoneFrom27.5Hz_sma3nz_stddevFallingSlope,F0semitoneFrom27.5Hz_sma3nz_stddevFallingSlope,F0semitoneFrom27.5Hz_sma3nz_stddevFallingSlope,F0semitoneFrom27.5Hz_sma3nz_stddevFallingSlope,F0semitoneFrom27.5Hz_sma3nz_stddevFallingSlope,F0semitoneFrom27.5Hz_sma3nz_stddevFallingSlope,F0semitoneFrom27.5Hz_sma3nz_stddevFallingSlope,F0semitoneFrom27.5Hz_sma3nz_stddevFallingSlope,F0semitoneFrom27.5Hz_sma3nz_stddevFallingSlope,F0semitoneFrom27.5Hz_sma3nz_stddevFallingSlope,F0semitoneFrom27.5Hz_sma3nz_percentile80.0,F0semitoneFrom27.5Hz_sma3nz_stddevFallingSlope,F0semitoneFrom27.5Hz_sma3nz_stddevFallingSlope,F0semitoneFrom27.5Hz_sma3nz_stddevFallingSlope,F0semitoneFrom27.5Hz_sma3nz_percentile80.0,F0semitoneFrom27.5Hz_sma3nz_stddevFallingSlope,F0semitoneFrom27.5Hz_sma3nz_stddevFallingSlope,F0semitoneFrom27.5Hz_sma3nz_stddevFallingSlope,F0semitoneFrom27.5Hz_sma3nz_stddevFallingSlope,F0semitoneFrom27.5Hz_sma3nz_percentile80.0
4,F0semitoneFrom27.5Hz_sma3nz_stddevNorm,F0semitoneFrom27.5Hz_sma3nz_stddevNorm,F0semitoneFrom27.5Hz_sma3nz_stddevNorm,F0semitoneFrom27.5Hz_sma3nz_stddevNorm,F0semitoneFrom27.5Hz_sma3nz_stddevNorm,F0semitoneFrom27.5Hz_sma3nz_stddevNorm,F0semitoneFrom27.5Hz_sma3nz_stddevNorm,F0semitoneFrom27.5Hz_sma3nz_stddevNorm,F0semitoneFrom27.5Hz_sma3nz_stddevNorm,F0semitoneFrom27.5Hz_sma3nz_stddevFallingSlope,F0semitoneFrom27.5Hz_sma3nz_stddevNorm,F0semitoneFrom27.5Hz_sma3nz_stddevNorm,F0semitoneFrom27.5Hz_sma3nz_stddevNorm,F0semitoneFrom27.5Hz_sma3nz_stddevNorm,F0semitoneFrom27.5Hz_sma3nz_stddevNorm,F0semitoneFrom27.5Hz_sma3nz_stddevNorm,F0semitoneFrom27.5Hz_sma3nz_stddevNorm,F0semitoneFrom27.5Hz_sma3nz_stddevNorm,F0semitoneFrom27.5Hz_sma3nz_stddevNorm,F0semitoneFrom27.5Hz_sma3nz_stddevNorm,F0semitoneFrom27.5Hz_sma3nz_stddevNorm,F0semitoneFrom27.5Hz_sma3nz_stddevNorm,F0semitoneFrom27.5Hz_sma3nz_stddevNorm,F0semitoneFrom27.5Hz_sma3nz_stddevNorm,F0semitoneFrom27.5Hz_sma3nz_stddevFallingSlope,F0semitoneFrom27.5Hz_sma3nz_stddevNorm,F0semitoneFrom27.5Hz_sma3nz_stddevNorm,F0semitoneFrom27.5Hz_sma3nz_stddevNorm,F0semitoneFrom27.5Hz_sma3nz_stddevNorm,F0semitoneFrom27.5Hz_sma3nz_stddevNorm,F0semitoneFrom27.5Hz_sma3nz_stddevNorm,F0semitoneFrom27.5Hz_sma3nz_stddevNorm,F0semitoneFrom27.5Hz_sma3nz_stddevNorm,F0semitoneFrom27.5Hz_sma3nz_stddevNorm,F0semitoneFrom27.5Hz_sma3nz_stddevNorm,F0semitoneFrom27.5Hz_sma3nz_stddevNorm,F0semitoneFrom27.5Hz_sma3nz_stddevNorm,F0semitoneFrom27.5Hz_sma3nz_stddevNorm,F0semitoneFrom27.5Hz_sma3nz_stddevNorm,F0semitoneFrom27.5Hz_sma3nz_stddevNorm,F0semitoneFrom27.5Hz_sma3nz_stddevFallingSlope,F0semitoneFrom27.5Hz_sma3nz_stddevNorm,F0semitoneFrom27.5Hz_sma3nz_stddevNorm,F0semitoneFrom27.5Hz_sma3nz_stddevNorm,F0semitoneFrom27.5Hz_sma3nz_stddevFallingSlope,F0semitoneFrom27.5Hz_sma3nz_stddevNorm,F0semitoneFrom27.5Hz_sma3nz_stddevNorm,F0semitoneFrom27.5Hz_sma3nz_stddevNorm,F0semitoneFrom27.5Hz_sma3nz_stddevNorm,F0semitoneFrom27.5Hz_sma3nz_stddevFallingSlope
5,F0semitoneFrom27.5Hz_sma3nz_stddevRisingSlope,F0semitoneFrom27.5Hz_sma3nz_stddevRisingSlope,F0semitoneFrom27.5Hz_sma3nz_stddevRisingSlope,F0semitoneFrom27.5Hz_sma3nz_stddevRisingSlope,F0semitoneFrom27.5Hz_sma3nz_stddevRisingSlope,F0semitoneFrom27.5Hz_sma3nz_stddevRisingSlope,F0semitoneFrom27.5Hz_sma3nz_stddevRisingSlope,F0semitoneFrom27.5Hz_sma3nz_stddevRisingSlope,F0semitoneFrom27.5Hz_sma3nz_stddevRisingSlope,F0semitoneFrom27.5Hz_sma3nz_stddevNorm,F0semitoneFrom27.5Hz_sma3nz_stddevRisingSlope,F0semitoneFrom27.5Hz_sma3nz_stddevRisingSlope,F0semitoneFrom27.5Hz_sma3nz_stddevRisingSlope,F0semitoneFrom27.5Hz_sma3nz_stddevRisingSlope,F0semitoneFrom27.5Hz_sma3nz_stddevRisingSlope,F0semitoneFrom27.5Hz_sma3nz_stddevRisingSlope,F0semitoneFrom27.5Hz_sma3nz_stddevRisingSlope,F0semitoneFrom27.5Hz_sma3nz_stddevRisingSlope,F0semitoneFrom27.5Hz_sma3nz_stddevRisingSlope,F0semitoneFrom27.5Hz_sma3nz_stddevRisingSlope,F0semitoneFrom27.5Hz_sma3nz_stddevRisingSlope,F0semitoneFrom27.5Hz_sma3nz_stddevRisingSlope,F0semitoneFrom27.5Hz_sma3nz_stddevRisingSlope,F0semitoneFrom27.5Hz_sma3nz_stddevRisingSlope,F0semitoneFrom27.5Hz_sma3nz_stddevNorm,F0semitoneFrom27.5Hz_sma3nz_stddevRisingSlope,F0semitoneFrom27.5Hz_sma3nz_stddevRisingSlope,F0semitoneFrom27.5Hz_sma3nz_stddevRisingSlope,F0semitoneFrom27.5Hz_sma3nz_stddevRisingSlope,F0semitoneFrom27.5Hz_sma3nz_stddevRisingSlope,F0semitoneFrom27.5Hz_sma3nz_stddevRisingSlope,F0semitoneFrom27.5Hz_sma3nz_stddevRisingSlope,F0semitoneFrom27.5Hz_sma3nz_stddevRisingSlope,F0semitoneFrom27.5Hz_sma3nz_stddevRisingSlope,F0semitoneFrom27.5Hz_sma3nz_stddevRisingSlope,F0semitoneFrom27.5Hz_sma3nz_stddevRisingSlope,F0semitoneFrom27.5Hz_sma3nz_stddevRisingSlope,F0semitoneFrom27.5Hz_sma3nz_stddevRisingSlope,F0semitoneFrom27.5Hz_sma3nz_stddevRisingSlope,F0semitoneFrom27.5Hz_sma3nz_stddevRisingSlope,F0semitoneFrom27.5Hz_sma3nz_stddevNorm,F0semitoneFrom27.5Hz_sma3nz_stddevRisingSlope,F0semitoneFrom27.5Hz_sma3nz_stddevRisingSlope,F0semitoneFrom27.5Hz_sma3nz_stddevRisingSlope,F0semitoneFrom27.5Hz_sma3nz_stddevNorm,F0semitoneFrom27.5Hz_sma3nz_stddevRisingSlope,F0semitoneFrom27.5Hz_sma3nz_stddevRisingSlope,F0semitoneFrom27.5Hz_sma3nz_stddevRisingSlope,F0semitoneFrom27.5Hz_sma3nz_stddevRisingSlope,F0semitoneFrom27.5Hz_sma3nz_stddevNorm
6,F1amplitudeLogRelF0_sma3nz_stddevNorm,F1amplitudeLogRelF0_sma3nz_stddevNorm,F1amplitudeLogRelF0_sma3nz_stddevNorm,F1amplitudeLogRelF0_sma3nz_stddevNorm,F1amplitudeLogRelF0_sma3nz_stddevNorm,F1amplitudeLogRelF0_sma3nz_stddevNorm,F1amplitudeLogRelF0_sma3nz_stddevNorm,F1amplitudeLogRelF0_sma3nz_stddevNorm,F1amplitudeLogRelF0_sma3nz_stddevNorm,F0semitoneFrom27.5Hz_sma3nz_stddevRisingSlope,F1amplitudeLogRelF0_sma3nz_stddevNorm,F1amplitudeLogRelF0_sma3nz_stddevNorm,F1amplitudeLogRelF0_sma3nz_stddevNorm,F1amplitudeLogRelF0_sma3nz_stddevNorm,F1amplitudeLogRelF0_sma3nz_stddevNorm,F1amplitudeLogRelF0_sma3nz_stddevNorm,F1amplitudeLogRelF0_sma3nz_stddevNorm,F1amplitudeLogRelF0_sma3nz_stddevNorm,F1amplitudeLogRelF0_sma3nz_stddevNorm,F1amplitudeLogRelF0_sma3nz_stddevNorm,F1amplitudeLogRelF0_sma3nz_stddevNorm,F1amplitudeLogRelF0_sma3nz_stddevNorm,F1amplitudeLogRelF0_sma3nz_stddevNorm,F1amplitudeLogRelF0_sma3nz_stddevNorm,F0semitoneFrom27.5Hz_sma3nz_stddevRisingSlope,F1amplitudeLogRelF0_sma3nz_stddevNorm,F1amplitudeLogRelF0_sma3nz_stddevNorm,F1amplitudeLogRelF0_sma3nz_stddevNorm,F1amplitudeLogRelF0_sma3nz_stddevNorm,F1amplitudeLogRelF0_sma3nz_stddevNorm,F1amplitudeLogRelF0_sma3nz_stddevNorm,F1amplitudeLogRelF0_sma3nz_stddevNorm,F1amplitudeLogRelF0_sma3nz_stddevNorm,F1amplitudeLogRelF0_sma3nz_stddevNorm,F1amplitudeLogRelF0_sma3nz_stddevNorm,F1amplitudeLogRelF0_sma3nz_stddevNorm,F1amplitudeLogRelF0_sma3nz_stddevNorm,F1amplitudeLogRelF0_sma3nz_stddevNorm,F1amplitudeLogRelF0_sma3nz_stddevNorm,F1amplitudeLogRelF0_sma3nz_stddevNorm,F0semitoneFrom27.5Hz_sma3nz_stddevRisingSlope,F1amplitudeLogRelF0_sma3nz_stddevNorm,F1amplitudeLogRelF0_sma3nz_stddevNorm,F1amplitudeLogRelF0_sma3nz_stddevNorm,F0semitoneFrom27.5Hz_sma3nz_stddevRisingSlope,F1amplitudeLogRelF0_sma3nz_stddevNorm,F1amplitudeLogRelF0_sma3nz_stddevNorm,F1amplitudeLogRelF0_sma3nz_stddevNorm,F1amplitudeLogRelF0_sma3nz_stddevNorm,F0semitoneFrom27.5Hz_sma3nz_stddevRisingSlope
7,F2amplitudeLogRelF0_sma3nz_amean,F2amplitudeLogRelF0_sma3nz_amean,F2amplitudeLogRelF0_sma3nz_amean,F2amplitudeLogRelF0_sma3nz_amean,F2amplitudeLogRelF0_sma3nz_amean,F2amplitudeLogRelF0_sma3nz_amean,F2amplitudeLogRelF0_sma3nz_amean,F2amplitudeLogRelF0_sma3nz_amean,F2amplitudeLogRelF0_sma3nz_amean,F1amplitudeLogRelF0_sma3nz_stddevNorm,F2amplitudeLogRelF0_sma3nz_amean,F2amplitudeLogRelF0_sma3nz_amean,F2amplitudeLogRelF0_sma3nz_amean,F2amplitudeLogRelF0_sma3nz_amean,F2amplitudeLogRelF0_sma3nz_amean,F2amplitudeLogRelF0_sma3nz_amean,F2amplitudeLogRelF0_sma3nz_amean,F2amplitudeLogRelF0_sma3nz_amean,F2amplitudeLogRelF0_sma3nz_amean,F2amplitudeLogRelF0_sma3nz_amean,F2amplitudeLogRelF0_sma3nz_amean,F2amplitudeLogRelF0_sma3nz_amean,F2amplitudeLogRelF0_sma3nz_amean,F2amplitudeLogRelF0_sma3nz_amean,F1amplitudeLogRelF0_sma3nz_stddevNorm,F2amplitudeLogRelF0_sma3nz_amean,F2amplitudeLogRelF0_sma3nz_amean,F2amplitudeLogRelF0_sma3nz_amean,F2amplitudeLogRelF0_sma3nz_amean,F2amplitudeLogRelF0_sma3nz_amean,F2amplitudeLogRelF0_sma3nz_amean,F2amplitudeLogRelF0_sma3nz_amean,F2amplitudeLogRelF0_sma3nz_amean,F2amplitudeLogRelF0_sma3nz_amean,F2amplitudeLogRelF0_sma3nz_amean,F2amplitudeLogRelF0_sma3nz_amean,F2amplitudeLogRelF0_sma3nz_amean,F2amplitudeLogRelF0_sma3nz_amean,F2amplitudeLogRelF0_sma3nz_amean,F2amplitudeLogRelF0_sma3nz_amean,F1amplitudeLogRelF0_sma3nz_stddevNorm,F2amplitudeLogRelF0_sma3nz_amean,F2amplitudeLogRelF0_sma3nz_amean,F2amplitudeLogRelF0_sma3nz_amean,F1amplitudeLogRelF0_sma3nz_stddevNorm,F2amplitudeLogRelF0_sma3nz_amean,F2amplitudeLogRelF0_sma3nz_amean,F2amplitudeLogRelF0_sma3nz_amean,F2amplitudeLogRelF0_sma3nz_amean,F1amplitudeLogRelF0_sma3nz_stddevNorm
8,F2amplitudeLogRelF0_sma3nz_stddevNorm,F2amplitudeLogRelF0_sma3nz_stddevNorm,F2amplitudeLogRelF0_sma3nz_stddevNorm,F2amplitudeLogRelF0_sma3nz_stddevNorm,F2amplitudeLogRelF0_sma3nz_stddevNorm,F2amplitudeLogRelF0_sma3nz_stddevNorm,F2amplitudeLogRelF0_sma3nz_stddevNorm,F2amplitudeLogRelF0_sma3nz_stddevNorm,F2amplitudeLogRelF0_sma3nz_stddevNorm,F2amplitudeLogRelF0_sma3nz_amean,F2amplitudeLogRelF0_sma3nz_stddevNorm,F2amplitudeLogRelF0_sma3nz_stddevNorm,F2amplitudeLogRelF0_sma3nz_stddevNorm,F2amplitudeLogRelF0_sma3nz_stddevNorm,F2amplitudeLogRelF0_sma3nz_stddevNorm,F2amplitudeLogRelF0_sma3nz_stddevNorm,F2amplitudeLogRelF0_sma3nz_stddevNorm,F2amplitudeLogRelF0_sma3nz_stddevNorm,F2amplitudeLogRelF0_sma3nz_stddevNorm,F2amplitudeLogRelF0_sma3nz_stddevNorm,F2amplitudeLogRelF0_sma3nz_stddevNorm,F2amplitudeLogRelF0_sma3nz_stddevNorm,F2amplitudeLogRelF0_sma3nz_stddevNorm,F2amplitudeLogRelF0_sma3nz_stddevNorm,F2amplitudeLogRelF0_sma3nz_amean,F2amplitudeLogRelF0_sma3nz_stddevNorm,F2amplitudeLogRelF0_sma3nz_stddevNorm,F2amplitudeLogRelF0_sma3nz_stddevNorm,F2amplitudeLogRelF0_sma3nz_stddevNorm,F2amplitudeLogRelF0_sma3nz_stddevNorm,F2amplitudeLogRelF0_sma3nz_stddevNorm,F2amplitudeLogRelF0_sma3nz_stddevNorm,F2amplitudeLogRelF0_sma3nz_stddevNorm,F2amplitudeLogRelF0_sma3nz_stddevNorm,F2amplitudeLogRelF0_sma3nz_stddevNorm,F2amplitudeLogRelF0_sma3nz_stddevNorm,F2amplitudeLogRelF0_sma3nz_stddevNorm,F2amplitudeLogRelF0_sma3nz_stddevNorm,F2amplitudeLogRelF0_sma3nz_stddevNorm,F2amplitudeLogRelF0_sma3nz_stddevNorm,F2amplitudeLogRelF0_sma3nz_amean,F2amplitudeLogRelF0_sma3nz_stddevNorm,F2amplitudeLogRelF0_sma3nz_stddevNorm,F2amplitudeLogRelF0_sma3nz_stddevNorm,F2amplitudeLogRelF0_sma3nz_amean,F2amplitudeLogRelF0_sma3nz_stddevNorm,F2amplitudeLogRelF0_sma3nz_stddevNorm,F2amplitudeLogRelF0_sma3nz_stddevNorm,F2amplitudeLogRelF0_sma3nz_stddevNorm,F2amplitudeLogRelF0_sma3nz_amean
9,F2bandwidth_sma3nz_amean,F2bandwidth_sma3nz_amean,F2bandwidth_sma3nz_amean,F2bandwidth_sma3nz_amean,F2bandwidth_sma3nz_amean,F2bandwidth_sma3nz_amean,F2bandwidth_sma3nz_amean,F2bandwidth_sma3nz_amean,F2bandwidth_sma3nz_amean,F2amplitudeLogRelF0_sma3nz_stddevNorm,F2bandwidth_sma3nz_amean,F2bandwidth_sma3nz_amean,F2bandwidth_sma3nz_amean,F2bandwidth_sma3nz_amean,F2bandwidth_sma3nz_amean,F2bandwidth_sma3nz_amean,F2bandwidth_sma3nz_amean,F2bandwidth_sma3nz_amean,F2bandwidth_sma3nz_amean,F2bandwidth_sma3nz_amean,F2bandwidth_sma3nz_amean,F2bandwidth_sma3nz_amean,F2bandwidth_sma3nz_amean,F2bandwidth_sma3nz_amean,F2amplitudeLogRelF0_sma3nz_stddevNorm,F2bandwidth_sma3nz_amean,F2bandwidth_sma3nz_amean,F2bandwidth_sma3nz_amean,F2bandwidth_sma3nz_amean,F2bandwidth_sma3nz_amean,F2bandwidth_sma3nz_amean,F2bandwidth_sma3nz_amean,F2bandwidth_sma3nz_amean,F2bandwidth_sma3nz_amean,F2bandwidth_sma3nz_amean,F2bandwidth_sma3nz_amean,F2bandwidth_sma3nz_amean,F2bandwidth_sma3nz_amean,F2bandwidth_sma3nz_amean,F2bandwidth_sma3nz_amean,F2amplitudeLogRelF0_sma3nz_stddevNorm,F2bandwidth_sma3nz_amean,F2bandwidth_sma3nz_amean,F2bandwidth_sma3nz_amean,F2amplitudeLogRelF0_sma3nz_stddevNorm,F2bandwidth_sma3nz_amean,F2bandwidth_sma3nz_amean,F2bandwidth_sma3nz_amean,F2bandwidth_sma3nz_amean,F2amplitudeLogRelF0_sma3nz_stddevNorm
10,F2frequency_sma3nz_amean,F2frequency_sma3nz_amean,F2frequency_sma3nz_amean,F2frequency_sma3nz_amean,F2frequency_sma3nz_amean,F2frequency_sma3nz_amean,F2frequency_sma3nz_amean,F2frequency_sma3nz_amean,F2frequency_sma3nz_amean,F2bandwidth_sma3nz_amean,F2frequency_sma3nz_amean,F2frequency_sma3nz_amean,F2frequency_sma3nz_amean,F2frequency_sma3nz_amean,F2frequency_sma3nz_amean,F2frequency_sma3nz_amean,F2frequency_sma3nz_amean,F2frequency_sma3nz_amean,F2frequency_sma3nz_amean,F2frequency_sma3nz_amean,F2frequency_sma3nz_amean,F2frequency_sma3nz_amean,F2frequency_sma3nz_amean,F2frequency_sma3nz_amean,F2bandwidth_sma3nz_amean,F2frequency_sma3nz_amean,F2frequency_sma3nz_amean,F2frequency_sma3nz_amean,F2frequency_sma3nz_amean,F2frequency_sma3nz_amean,F2frequency_sma3nz_amean,F2frequency_sma3nz_amean,F2frequency_sma3nz_amean,F2frequency_sma3nz_amean,F2frequency_sma3nz_amean,F2frequency_sma3nz_amean,F2frequency_sma3nz_amean,F2frequency_sma3nz_amean,F2frequency_sma3nz_amean,F2frequency_sma3nz_amean,F2bandwidth_sma3nz_amean,F2frequency_sma3nz_amean,F2frequency_sma3nz_amean,F2frequency_sma3nz_amean,F2bandwidth_sma3nz_amean,F2frequency_sma3nz_amean,F2frequency_sma3nz_amean,F2frequency_sma3nz_amean,F2frequency_sma3nz_amean,F2bandwidth_sma3nz_amean
11,F3amplitudeLogRelF0_sma3nz_amean,F2frequency_sma3nz_stddevNorm,F2frequency_sma3nz_stddevNorm,F3amplitudeLogRelF0_sma3nz_amean,F2frequency_sma3nz_stddevNorm,F2frequency_sma3nz_stddevNorm,F2frequency_sma3nz_stddevNorm,F2frequency_sma3nz_stddevNorm,F2frequency_sma3nz_stddevNorm,F2frequency_sma3nz_amean,F2frequency_sma3nz_stddevNorm,F2frequency_sma3nz_stddevNorm,F2frequency_sma3nz_stddevNorm,F2frequency_sma3nz_stddevNorm,F2frequency_sma3nz_stddevNorm,F2frequency_sma3nz_stddevNorm,F2frequency_sma3nz_stddevNorm,F2frequency_sma3nz_stddevNorm,F2frequency_sma3nz_stddevNorm,F2frequency_sma3nz_stddevNorm,F2frequency_sma3nz_stddevNorm,F2frequency_sma3nz_stddevNorm,F2frequency_sma3nz_stddevNorm,F3amplitudeLogRelF0_sma3nz_amean,F2frequency_sma3nz_amean,F2frequency_sma3nz_stddevNorm,F2frequency_sma3nz_stddevNorm,F2frequency_sma3nz_stddevNorm,F2frequency_sma3nz_stddevNorm,F2frequency_sma3nz_stddevNorm,F2frequency_sma3nz_stddevNorm,F2frequency_sma3nz_stddevNorm,F2frequency_sma3nz_stddevNorm,F2frequency_sma3nz_stddevNorm,F2frequency_sma3nz_stddevNorm,F2frequency_sma3nz_stddevNorm,F2frequency_sma3nz_stddevNorm,F2frequency_sma3nz_stddevNorm,F2frequency_sma3nz_stddevNorm,F2frequency_sma3nz_stddevNorm,F2frequency_sma3nz_amean,F2frequency_sma3nz_stddevNorm,F2frequency_sma3nz_stddevNorm,F3amplitudeLogRelF0_sma3nz_amean,F2frequency_sma3nz_amean,F2frequency_sma3nz_stddevNorm,F2frequency_sma3nz_stddevNorm,F2frequency_sma3nz_stddevNorm,F2frequency_sma3nz_stddevNorm,F2frequency_sma3nz_amean
12,F3amplitudeLogRelF0_sma3nz_stddevNorm,F3amplitudeLogRelF0_sma3nz_amean,F3amplitudeLogRelF0_sma3nz_amean,F3amplitudeLogRelF0_sma3nz_stddevNorm,F3amplitudeLogRelF0_sma3nz_amean,F3amplitudeLogRelF0_sma3nz_amean,F3amplitudeLogRelF0_sma3nz_amean,F3amplitudeLogRelF0_sma3nz_amean,F3amplitudeLogRelF0_sma3nz_amean,F2frequency_sma3nz_stddevNorm,F3amplitudeLogRelF0_sma3nz_amean,F3amplitudeLogRelF0_sma3nz_amean,F3amplitudeLogRelF0_sma3nz_amean,F3amplitudeLogRelF0_sma3nz_amean,F3amplitudeLogRelF0_sma3nz_amean,F3amplitudeLogRelF0_sma3nz_amean,F3amplitudeLogRelF0_sma3nz_amean,F3amplitudeLogRelF0_sma3nz_amean,F3amplitudeLogRelF0_sma3nz_amean,F3amplitudeLogRelF0_sma3nz_amean,F3amplitudeLogRelF0_sma3nz_amean,F3amplitudeLogRelF0_sma3nz_amean,F3amplitudeLogRelF0_sma3nz_amean,F3amplitudeLogRelF0_sma3nz_stddevNorm,F2frequency_sma3nz_stddevNorm,F3amplitudeLogRelF0_sma3nz_amean,F3amplitudeLogRelF0_sma3nz_amean,F3amplitudeLogRelF0_sma3nz_amean,F3amplitudeLogRelF0_sma3nz_amean,F3amplitudeLogRelF0_sma3nz_amean,F3amplitudeLogRelF0_sma3nz_amean,F3amplitudeLogRelF0_sma3nz_amean,F3amplitudeLogRelF0_sma3nz_amean,F3amplitudeLogRelF0_sma3nz_amean,F3amplitudeLogRelF0_sma3nz_amean,F3amplitudeLogRelF0_sma3nz_amean,F3amplitudeLogRelF0_sma3nz_amean,F3amplitudeLogRelF0_sma3nz_amean,F3amplitudeLogRelF0_sma3nz_amean,F3amplitudeLogRelF0_sma3nz_amean,F2frequency_sma3nz_stddevNorm,F3amplitudeLogRelF0_sma3nz_amean,F3amplitudeLogRelF0_sma3nz_amean,F3amplitudeLogRelF0_sma3nz_stddevNorm,F2frequency_sma3nz_stddevNorm,F3amplitudeLogRelF0_sma3nz_amean,F3amplitudeLogRelF0_sma3nz_amean,F3amplitudeLogRelF0_sma3nz_amean,F3amplitudeLogRelF0_sma3nz_amean,F2frequency_sma3nz_stddevNorm
13,F3frequency_sma3nz_amean,F3amplitudeLogRelF0_sma3nz_stddevNorm,F3amplitudeLogRelF0_sma3nz_stddevNorm,F3frequency_sma3nz_amean,F3amplitudeLogRelF0_sma3nz_stddevNorm,F3amplitudeLogRelF0_sma3nz_stddevNorm,F3amplitudeLogRelF0_sma3nz_stddevNorm,F3amplitudeLogRelF0_sma3nz_stddevNorm,F3amplitudeLogRelF0_sma3nz_stddevNorm,F3amplitudeLogRelF0_sma3nz_amean,F3amplitudeLogRelF0_sma3nz_stddevNorm,F3amplitudeLogRelF0_sma3nz_stddevNorm,F3amplitudeLogRelF0_sma3nz_stddevNorm,F3amplitudeLogRelF0_sma3nz_stddevNorm,F3amplitudeLogRelF0_sma3nz_stddevNorm,F3amplitudeLogRelF0_sma3nz_stddevNorm,F3amplitudeLogRelF0_sma3nz_stddevNorm,F3amplitudeLogRelF0_sma3nz_stddevNorm,F3amplitudeLogRelF0_sma3nz_stddevNorm,F3amplitudeLogRelF0_sma3nz_stddevNorm,F3amplitudeLogRelF0_sma3nz_stddevNorm,F3amplitudeLogRelF0_sma3nz_stddevNorm,F3amplitudeLogRelF0_sma3nz_stddevNorm,F3frequency_sma3nz_amean,F3amplitudeLogRelF0_sma3nz_amean,F3amplitudeLogRelF0_sma3nz_stddevNorm,F3amplitudeLogRelF0_sma3nz_stddevNorm,F3amplitudeLogRelF0_sma3nz_stddevNorm,F3amplitudeLogRelF0_sma3nz_stddevNorm,F3amplitudeLogRelF0_sma3nz_stddevNorm,F3amplitudeLogRelF0_sma3nz_stddevNorm,F3amplitudeLogRelF0_sma3nz_stddevNorm,F3amplitudeLogRelF0_sma3nz_stddevNorm,F3amplitudeLogRelF0_sma3nz_stddevNorm,F3amplitudeLogRelF0_sma3nz_stddevNorm,F3amplitudeLogRelF0_sma3nz_stddevNorm,F3amplitudeLogRelF0_sma3nz_stddevNorm,F3amplitudeLogRelF0_sma3nz_stddevNorm,F3amplitudeLogRelF0_sma3nz_stddevNorm,F3amplitudeLogRelF0_sma3nz_stddevNorm,F3amplitudeLogRelF0_sma3nz_amean,F3amplitudeLogRelF0_sma3nz_stddevNorm,F3amplitudeLogRelF0_sma3nz_stddevNorm,F3bandwidth_sma3nz_amean,F3amplitudeLogRelF0_sma3nz_amean,F3amplitudeLogRelF0_sma3nz_stddevNorm,F3amplitudeLogRelF0_sma3nz_stddevNorm,F3amplitudeLogRelF0_sma3nz_stddevNorm,F3amplitudeLogRelF0_sma3nz_stddevNorm,F3amplitudeLogRelF0_sma3nz_amean
14,HNRdBACF_sma3nz_amean,F3frequency_sma3nz_amean,F3frequency_sma3nz_amean,HNRdBACF_sma3nz_amean,F3bandwidth_sma3nz_amean,F3frequency_sma3nz_amean,F3frequency_sma3nz_amean,F3frequency_sma3nz_amean,F3frequency_sma3nz_amean,F3amplitudeLogRelF0_sma3nz_stddevNorm,F3bandwidth_sma3nz_amean,F3frequency_sma3nz_amean,F3bandwidth_sma3nz_amean,F3frequency_sma3nz_amean,F3frequency_sma3nz_amean,F3frequency_sma3nz_amean,F3frequency_sma3nz_amean,F3frequency_sma3nz_amean,F3bandwidth_sma3nz_amean,F3frequency_sma3nz_amean,F3frequency_sma3nz_amean,F3frequency_sma3nz_amean,F3frequency_sma3nz_amean,HNRdBACF_sma3nz_amean,F3amplitudeLogRelF0_sma3nz_stddevNorm,F3frequency_sma3nz_amean,F3bandwidth_sma3nz_amean,F3frequency_sma3nz_amean,F3bandwidth_sma3nz_amean,F3frequency_sma3nz_amean,F3bandwidth_sma3nz_amean,F3frequency_sma3nz_amean,F3frequency_sma3nz_amean,F3frequency_sma3nz_amean,F3bandwidth_sma3nz_amean,F3frequency_sma3nz_amean,F3bandwidth_sma3nz_amean,F3frequency_sma3nz_amean,F3bandwidth_sma3nz_amean,F3frequency_sma3nz_amean,F3amplitudeLogRelF0_sma3nz_stddevNorm,F3frequency_sma3nz_amean,F3frequency_sma3nz_amean,F3frequency_sma3nz_amean,F3amplitudeLogRelF0_sma3nz_stddevNorm,F3bandwidth_sma3nz_amean,F3frequency_sma3nz_amean,F3frequency_sma3nz_amean,F3frequency_sma3nz_amean,F3amplitudeLogRelF0_sma3nz_stddevNorm
15,MeanUnvoicedSegmentLength,HNRdBACF_sma3nz_amean,HNRdBACF_sma3nz_amean,MeanUnvoicedSegmentLength,F3frequency_sma3nz_amean,HNRdBACF_sma3nz_amean,HNRdBACF_sma3nz_amean,HNRdBACF_sma3nz_amean,HNRdBACF_sma3nz_amean,F3frequency_sma3nz_amean,F3frequency_sma3nz_amean,HNRdBACF_sma3nz_amean,F3frequency_sma3nz_amean,HNRdBACF_sma3nz_amean,HNRdBACF_sma3nz_amean,HNRdBACF_sma3nz_amean,HNRdBACF_sma3nz_amean,HNRdBACF_sma3nz_amean,F3frequency_sma3nz_amean,HNRdBACF_sma3nz_amean,HNRdBACF_sma3nz_amean,HNRdBACF_sma3nz_amean,HNRdBACF_sma3nz_amean,MeanUnvoicedSegmentLength,F3frequency_sma3nz_amean,HNRdBACF_sma3nz_amean,F3frequency_sma3nz_amean,HNRdBACF_sma3nz_amean,F3frequency_sma3nz_amean,HNRdBACF_sma3nz_amean,F3frequency_sma3nz_amean,HNRdBACF_sma3nz_amean,HNRdBACF_sma3nz_amean,HNRdBACF_sma3nz_amean,F3frequency_sma3nz_amean,HNRdBACF_sma3nz_amean,F3frequency_sma3nz_amean,HNRdBACF_sma3nz_amean,F3frequency_sma3nz_amean,HNRdBACF_sma3nz_amean,F3bandwidth_sma3nz_amean,HNRdBACF_sma3nz_amean,HNRdBACF_sma3nz_amean,HNRdBACF_sma3nz_amean,F3frequency_sma3nz_amean,F3frequency_sma3nz_amean,HNRdBACF_sma3nz_amean,HNRdBACF_sma3nz_amean,HNRdBACF_sma3nz_amean,F3bandwidth_sma3nz_amean
16,MeanVoicedSegmentLengthSec,HNRdBACF_sma3nz_stddevNorm,MeanUnvoicedSegmentLength,MeanVoicedSegmentLengthSec,HNRdBACF_sma3nz_amean,HNRdBACF_sma3nz_stddevNorm,MeanUnvoicedSegmentLength,MeanUnvoicedSegmentLength,MeanUnvoicedSegmentLength,HNRdBACF_sma3nz_amean,HNRdBACF_sma3nz_amean,HNRdBACF_sma3nz_stddevNorm,HNRdBACF_sma3nz_amean,HNRdBACF_sma3nz_stddevNorm,HNRdBACF_sma3nz_stddevNorm,MeanUnvoicedSegmentLength,MeanUnvoicedSegmentLength,MeanUnvoicedSegmentLength,HNRdBACF_sma3nz_amean,MeanUnvoicedSegmentLength,MeanUnvoicedSegmentLength,HNRdBACF_sma3nz_stddevNorm,MeanUnvoicedSegmentLength,MeanVoicedSegmentLengthSec,HNRdBACF_sma3nz_amean,HNRdBACF_sma3nz_stddevNorm,HNRdBACF_sma3nz_amean,MeanUnvoicedSegmentLength,HNRdBACF_sma3nz_amean,MeanUnvoicedSegmentLength,HNRdBACF_sma3nz_amean,MeanUnvoicedSegmentLength,HNRdBACF_sma3nz_stddevNorm,MeanUnvoicedSegmentLength,HNRdBACF_sma3nz_amean,MeanUnvoicedSegmentLength,HNRdBACF_sma3nz_amean,MeanUnvoicedSegmentLength,HNRdBACF_sma3nz_amean,MeanUnvoicedSegmentLength,F3frequency_sma3nz_amean,MeanUnvoicedSegmentLength,MeanUnvoicedSegmentLength,HNRdBACF_sma3nz_stddevNorm,HNRdBACF_sma3nz_amean,HNRdBACF_sma3nz_amean,HNRdBACF_sma3nz_stddevNorm,MeanUnvoicedSegmentLength,HNRdBACF_sma3nz_stddevNorm,F3frequency_sma3nz_amean
17,StddevUnvoicedSegmentLength,MeanUnvoicedSegmentLength,MeanVoicedSegmentLengthSec,StddevUnvoicedSegmentLength,MeanUnvoicedSegmentLength,MeanUnvoicedSegmentLength,MeanVoicedSegmentLengthSec,MeanVoicedSegmentLengthSec,MeanVoicedSegmentLengthSec,MeanUnvoicedSegmentLength,MeanUnvoicedSegmentLength,MeanUnvoicedSegmentLength,MeanUnvoicedSegmentLength,MeanUnvoicedSegmentLength,MeanUnvoicedSegmentLength,MeanVoicedSegmentLengthSec,MeanVoicedSegmentLengthSec,MeanVoicedSegmentLengthSec,MeanUnvoicedSegmentLength,MeanVoicedSegmentLengthSec,MeanVoicedSegmentLengthSec,MeanUnvoicedSegmentLength,MeanVoicedSegmentLengthSec,StddevUnvoicedSegmentLength,MeanUnvoicedSegmentLength,MeanUnvoicedSegmentLength,MeanUnvoicedSegmentLength,MeanVoicedSegmentLengthSec,HNRdBACF_sma3nz_stddevNorm,MeanVoicedSegmentLengthSec,HNRdBACF_sma3nz_stddevNorm,MeanVoicedSegmentLengthSec,MeanUnvoicedSegmentLength,MeanVoicedSegmentLengthSec,HNRdBACF_sma3nz_stddevNorm,MeanVoicedSegmentLengthSec,HNRdBACF_sma3nz_stddevNorm,MeanVoicedSegmentLengthSec,HNRdBACF_sma3nz_stddevNorm,MeanVoicedSegmentLengthSec,HNRdBACF_sma3nz_amean,MeanVoicedSegmentLengthSec,MeanVoicedSegmentLengthSec,MeanUnvoicedSegmentLength,MeanUnvoicedSegmentLength,MeanUnvoicedSegmentLength,MeanUnvoicedSegmentLength,MeanVoicedSegmentLengthSec,MeanUnvoicedSegmentLength,HNRdBACF_sma3nz_amean
18,StddevVoicedSegmentLengthSec,MeanVoicedSegmentLengthSec,StddevUnvoicedSegmentLength,StddevVoicedSegmentLengthSec,MeanVoicedSegmentLengthSec,MeanVoicedSegmentLengthSec,StddevUnvoicedSegmentLength,StddevUnvoicedSegmentLength,StddevUnvoicedSegmentLength,MeanVoicedSegmentLengthSec,MeanVoicedSegmentLengthSec,MeanVoicedSegmentLengthSec,MeanVoicedSegmentLengthSec,MeanVoicedSegmentLengthSec,MeanVoicedSegmentLengthSec,StddevUnvoicedSegmentLength,StddevUnvoicedSegmentLength,StddevUnvoicedSegmentLength,MeanVoicedSegmentLengthSec,StddevUnvoicedSegmentLength,StddevUnvoicedSegmentLength,MeanVoicedSegmentLengthSec,StddevUnvoicedSegmentLength,StddevVoicedSegmentLengthSec,MeanVoicedSegmentLengthSec,MeanVoicedSegmentLengthSec,MeanVoicedSegmentLengthSec,StddevUnvoicedSegmentLength,MeanUnvoicedSegmentLength,StddevUnvoicedSegmentLength,MeanUnvoicedSegmentLength,StddevUnvoicedSegmentLength,MeanVoicedSegmentLengthSec,StddevUnvoicedSegmentLength,MeanUnvoicedSegmentLength,StddevUnvoicedSegmentLength,MeanUnvoicedSegmentLength,StddevUnvoicedSegmentLength,MeanUnvoicedSegmentLength,StddevUnvoicedSegmentLength,MeanUnvoicedSegmentLength,StddevUnvoicedSegmentLength,StddevUnvoicedSegmentLength,MeanVoicedSegmentLengthSec,MeanVoicedSegmentLengthSec,MeanVoicedSegmentLengthSec,MeanVoicedSegmentLengthSec,StddevUnvoicedSegmentLength,MeanVoicedSegmentLengthSec,MeanUnvoicedSegmentLength
19,alphaRatioV_sma3nz_stddevNorm,StddevUnvoicedSegmentLength,StddevVoicedSegmentLengthSec,alphaRatioV_sma3nz_stddevNorm,StddevUnvoicedSegmentLength,StddevUnvoicedSegmentLength,StddevVoicedSegmentLengthSec,StddevVoicedSegmentLengthSec,StddevVoicedSegmentLengthSec,StddevUnvoicedSegmentLength,StddevUnvoicedSegmentLength,StddevUnvoicedSegmentLength,StddevUnvoicedSegmentLength,StddevUnvoicedSegmentLength,StddevUnvoicedSegmentLength,StddevVoicedSegmentLengthSec,StddevVoicedSegmentLengthSec,StddevVoicedSegmentLengthSec,StddevUnvoicedSegmentLength,StddevVoicedSegmentLengthSec,StddevVoicedSegmentLengthSec,StddevUnvoicedSegmentLength,StddevVoicedSegmentLengthSec,alphaRatioV_sma3nz_stddevNorm,StddevUnvoicedSegmentLength,StddevUnvoicedSegmentLength,StddevUnvoicedSegmentLength,StddevVoicedSegmentLengthSec,MeanVoicedSegmentLengthSec,StddevVoicedSegmentLengthSec,MeanVoicedSegmentLengthSec,StddevVoicedSegmentLengthSec,StddevUnvoicedSegmentLength,StddevVoicedSegmentLengthSec,MeanVoicedSegmentLengthSec,StddevVoicedSegmentLengthSec,MeanVoicedSegmentLengthSec,StddevVoicedSegmentLengthSec,MeanVoicedSegmentLengthSec,StddevVoicedSegmentLengthSec,MeanVoicedSegmentLengthSec,StddevVoicedSegmentLengthSec,StddevVoicedSegmentLengthSec,StddevUnvoicedSegmentLength,StddevUnvoicedSegmentLength,StddevUnvoicedSegmentLength,StddevUnvoicedSegmentLength,StddevVoicedSegmentLengthSec,StddevUnvoicedSegmentLength,MeanVoicedSegmentLengthSec
20,hammarbergIndexUV_sma3nz_amean,StddevVoicedSegmentLengthSec,alphaRatioV_sma3nz_stddevNorm,hammarbergIndexUV_sma3nz_amean,StddevVoicedSegmentLengthSec,StddevVoicedSegmentLengthSec,alphaRatioV_sma3nz_stddevNorm,alphaRatioV_sma3nz_stddevNorm,alphaRatioV_sma3nz_stddevNorm,StddevVoicedSegmentLengthSec,StddevVoicedSegmentLengthSec,StddevVoicedSegmentLengthSec,StddevVoicedSegmentLengthSec,StddevVoicedSegmentLengthSec,StddevVoicedSegmentLengthSec,alphaRatioV_sma3nz_stddevNorm,alphaRatioV_sma3nz_stddevNorm,alphaRatioV_sma3nz_stddevNorm,StddevVoicedSegmentLengthSec,alphaRatioV_sma3nz_stddevNorm,alphaRatioV_sma3nz_stddevNorm,StddevVoicedSegmentLengthSec,alphaRatioV_sma3nz_stddevNorm,hammarbergIndexUV_sma3nz_amean,StddevVoicedSegmentLengthSec,StddevVoicedSegmentLengthSec,StddevVoicedSegmentLengthSec,alphaRatioV_sma3nz_stddevNorm,StddevUnvoicedSegmentLength,alphaRatioV_sma3nz_stddevNorm,StddevUnvoicedSegmentLength,alphaRatioV_sma3nz_stddevNorm,StddevVoicedSegmentLengthSec,alphaRatioV_sma3nz_stddevNorm,StddevUnvoicedSegmentLength,alphaRatioV_sma3nz_stddevNorm,StddevUnvoicedSegmentLength,alphaRatioV_sma3nz_stddevNorm,StddevUnvoicedSegmentLength,alphaRatioV_sma3nz_stddevNorm,StddevUnvoicedSegmentLength,alphaRatioV_sma3nz_stddevNorm,alphaRatioV_sma3nz_stddevNorm,StddevVoicedSegmentLengthSec,StddevVoicedSegmentLengthSec,StddevVoicedSegmentLengthSec,StddevVoicedSegmentLengthSec,alphaRatioV_sma3nz_stddevNorm,StddevVoicedSegmentLengthSec,StddevUnvoicedSegmentLength
21,hammarbergIndexV_sma3nz_amean,alphaRatioV_sma3nz_stddevNorm,hammarbergIndexUV_sma3nz_amean,hammarbergIndexV_sma3nz_amean,alphaRatioV_sma3nz_stddevNorm,alphaRatioV_sma3nz_stddevNorm,hammarbergIndexUV_sma3nz_amean,hammarbergIndexUV_sma3nz_amean,hammarbergIndexUV_sma3nz_amean,alphaRatioV_sma3nz_stddevNorm,alphaRatioV_sma3nz_stddevNorm,alphaRatioV_sma3nz_stddevNorm,alphaRatioV_sma3nz_stddevNorm,alphaRatioV_sma3nz_stddevNorm,alphaRatioV_sma3nz_stddevNorm,hammarbergIndexUV_sma3nz_amean,hammarbergIndexUV_sma3nz_amean,hammarbergIndexUV_sma3nz_amean,alphaRatioV_sma3nz_stddevNorm,hammarbergIndexUV_sma3nz_amean,hammarbergIndexUV_sma3nz_amean,alphaRatioV_sma3nz_stddevNorm,hammarbergIndexUV_sma3nz_amean,hammarbergIndexV_sma3nz_amean,alphaRatioV_sma3nz_stddevNorm,alphaRatioV_sma3nz_stddevNorm,alphaRatioV_sma3nz_stddevNorm,hammarbergIndexUV_sma3nz_amean,StddevVoicedSegmentLengthSec,hammarbergIndexUV_sma3nz_amean,StddevVoicedSegmentLengthSec,hammarbergIndexUV_sma3nz_amean,alphaRatioV_sma3nz_stddevNorm,hammarbergIndexUV_sma3nz_amean,StddevVoicedSegmentLengthSec,hammarbergIndexUV_sma3nz_amean,StddevVoicedSegmentLengthSec,hammarbergIndexUV_sma3nz_amean,StddevVoicedSegmentLengthSec,hammarbergIndexUV_sma3nz_amean,StddevVoicedSegmentLengthSec,hammarbergIndexUV_sma3nz_amean,hammarbergIndexUV_sma3nz_amean,alphaRatioV_sma3nz_stddevNorm,alphaRatioV_sma3nz_stddevNorm,alphaRatioV_sma3nz_stddevNorm,alphaRatioV_sma3nz_stddevNorm,hammarbergIndexUV_sma3nz_amean,alphaRatioV_sma3nz_stddevNorm,StddevVoicedSegmentLengthSec
22,jitterLocal_sma3nz_amean,hammarbergIndexUV_sma3nz_amean,hammarbergIndexV_sma3nz_amean,jitterLocal_sma3nz_amean,hammarbergIndexUV_sma3nz_amean,hammarbergIndexUV_sma3nz_amean,hammarbergIndexV_sma3nz_amean,hammarbergIndexV_sma3nz_amean,hammarbergIndexV_sma3nz_amean,hammarbergIndexUV_sma3nz_amean,hammarbergIndexUV_sma3nz_amean,hammarbergIndexUV_sma3nz_amean,equivalentSoundLevel_dBp,hammarbergIndexUV_sma3nz_amean,hammarbergIndexUV_sma3nz_amean,hammarbergIndexV_sma3nz_amean,hammarbergIndexV_sma3nz_amean,hammarbergIndexV_sma3nz_amean,hammarbergIndexUV_sma3nz_amean,hammarbergIndexV_sma3nz_amean,hammarbergIndexV_sma3nz_amean,hammarbergIndexUV_sma3nz_amean,hammarbergIndexV_sma3nz_amean,jitterLocal_sma3nz_amean,hammarbergIndexUV_sma3nz_amean,hammarbergIndexUV_sma3nz_amean,hammarbergIndexUV_sma3nz_amean,hammarbergIndexV_sma3nz_amean,alphaRatioV_sma3nz_stddevNorm,hammarbergIndexV_sma3nz_amean,alphaRatioV_sma3nz_stddevNorm,hammarbergIndexV_sma3nz_amean,hammarbergIndexUV_sma3nz_amean,hammarbergIndexV_sma3nz_amean,alphaRatioV_sma3nz_stddevNorm,hammarbergIndexV_sma3nz_amean,alphaRatioV_sma3nz_stddevNorm,hammarbergIndexV_sma3nz_amean,alphaRatioV_sma3nz_stddevNorm,hammarbergIndexV_sma3nz_amean,alphaRatioV_sma3nz_stddevNorm,hammarbergIndexV_sma3nz_amean,hammarbergIndexV_sma3nz_amean,hammarbergIndexUV_sma3nz_amean,hammarbergIndexUV_sma3nz_amean,hammarbergIndexUV_sma3nz_amean,hammarbergIndexUV_sma3nz_amean,hammarbergIndexV_sma3nz_amean,hammarbergIndexUV_sma3nz_amean,alphaRatioV_sma3nz_stddevNorm
23,logRelF0-H1-A3_sma3nz_amean,hammarbergIndexV_sma3nz_amean,jitterLocal_sma3nz_amean,logRelF0-H1-A3_sma3nz_amean,hammarbergIndexV_sma3nz_amean,hammarbergIndexV_sma3nz_amean,jitterLocal_sma3nz_amean,hammarbergIndexV_sma3nz_stddevNorm,jitterLocal_sma3nz_amean,hammarbergIndexV_sma3nz_amean,hammarbergIndexV_sma3nz_amean,hammarbergIndexV_sma3nz_amean,hammarbergIndexUV_sma3nz_amean,hammarbergIndexV_sma3nz_amean,hammarbergIndexV_sma3nz_amean,hammarbergIndexV_sma3nz_stddevNorm,jitterLocal_sma3nz_amean,jitterLocal_sma3nz_amean,hammarbergIndexV_sma3nz_amean,jitterLocal_sma3nz_amean,jitterLocal_sma3nz_amean,hammarbergIndexV_sma3nz_amean,jitterLocal_sma3nz_amean,logRelF0-H1-A3_sma3nz_amean,hammarbergIndexV_sma3nz_amean,hammarbergIndexV_sma3nz_amean,hammarbergIndexV_sma3nz_amean,jitterLocal_sma3nz_amean,hammarbergIndexUV_sma3nz_amean,jitterLocal_sma3nz_amean,hammarbergIndexUV_sma3nz_amean,jitterLocal_sma3nz_amean,hammarbergIndexV_sma3nz_amean,jitterLocal_sma3nz_amean,hammarbergIndexUV_sma3nz_amean,hammarbergIndexV_sma3nz_stddevNorm,hammarbergIndexUV_sma3nz_amean,jitterLocal_sma3nz_amean,hammarbergIndexUV_sma3nz_amean,jitterLocal_sma3nz_amean,hammarbergIndexUV_sma3nz_amean,jitterLocal_sma3nz_amean,jitterLocal_sma3nz_amean,hammarbergIndexV_sma3nz_amean,hammarbergIndexV_sma3nz_amean,hammarbergIndexV_sma3nz_amean,hammarbergIndexV_sma3nz_amean,jitterLocal_sma3nz_amean,hammarbergIndexV_sma3nz_amean,hammarbergIndexUV_sma3nz_amean
24,loudness_sma3_amean,hammarbergIndexV_sma3nz_stddevNorm,logRelF0-H1-A3_sma3nz_amean,loudness_sma3_amean,jitterLocal_sma3nz_amean,jitterLocal_sma3nz_amean,logRelF0-H1-A3_sma3nz_amean,jitterLocal_sma3nz_amean,logRelF0-H1-A3_sma3nz_amean,jitterLocal_sma3nz_amean,jitterLocal_sma3nz_amean,jitterLocal_sma3nz_amean,hammarbergIndexV_sma3nz_amean,jitterLocal_sma3nz_amean,jitterLocal_sma3nz_amean,jitterLocal_sma3nz_amean,logRelF0-H1-A3_sma3nz_amean,logRelF0-H1-A3_sma3nz_amean,jitterLocal_sma3nz_amean,logRelF0-H1-A3_sma3nz_amean,logRelF0-H1-A3_sma3nz_amean,jitterLocal_sma3nz_amean,logRelF0-H1-A3_sma3nz_amean,loudness_sma3_amean,jitterLocal_sma3nz_amean,jitterLocal_sma3nz_amean,jitterLocal_sma3nz_amean,logRelF0-H1-A3_sma3nz_amean,hammarbergIndexV_sma3nz_amean,logRelF0-H1-A3_sma3nz_amean,hammarbergIndexV_sma3nz_amean,logRelF0-H1-A3_sma3nz_amean,jitterLocal_sma3nz_amean,logRelF0-H1-A3_sma3nz_amean,hammarbergIndexV_sma3nz_amean,jitterLocal_sma3nz_amean,hammarbergIndexV_sma3nz_amean,logRelF0-H1-A3_sma3nz_amean,hammarbergIndexV_sma3nz_amean,logRelF0-H1-A3_sma3nz_amean,hammarbergIndexV_sma3nz_amean,logRelF0-H1-A3_sma3nz_amean,logRelF0-H1-A3_sma3nz_amean,jitterLocal_sma3nz_amean,jitterLocal_sma3nz_amean,jitterLocal_sma3nz_amean,jitterLocal_sma3nz_amean,logRelF0-H1-A3_sma3nz_amean,jitterLocal_sma3nz_amean,hammarbergIndexV_sma3nz_amean
25,loudness_sma3_meanFallingSlope,jitterLocal_sma3nz_amean,loudness_sma3_amean,loudness_sma3_meanFallingSlope,logRelF0-H1-A3_sma3nz_amean,logRelF0-H1-A3_sma3nz_amean,loudness_sma3_amean,logRelF0-H1-A3_sma3nz_amean,loudness_sma3_amean,logRelF0-H1-A3_sma3nz_amean,logRelF0-H1-A3_sma3nz_amean,logRelF0-H1-A3_sma3nz_amean,hammarbergIndexV_sma3nz_stddevNorm,logRelF0-H1-A3_sma3nz_amean,logRelF0-H1-A3_sma3nz_amean,logRelF0-H1-A3_sma3nz_amean,loudness_sma3_amean,loudness_sma3_amean,logRelF0-H1-A3_sma3nz_amean,loudness_sma3_amean,loudness_sma3_amean,logRelF0-H1-A3_sma3nz_amean,loudness_sma3_amean,loudness_sma3_meanFallingSlope,logRelF0-H1-A3_sma3nz_amean,logRelF0-H1-A3_sma3nz_amean,logRelF0-H1-A3_sma3nz_amean,loudness_sma3_amean,jitterLocal_sma3nz_amean,loudness_sma3_amean,jitterLocal_sma3nz_amean,loudness_sma3_amean,logRelF0-H1-A3_sma3nz_amean,loudness_sma3_amean,jitterLocal_sma3nz_amean,logRelF0-H1-A3_sma3nz_amean,jitterLocal_sma3nz_amean,loudness_sma3_amean,jitterLocal_sma3nz_amean,loudness_sma3_amean,hammarbergIndexV_sma3nz_stddevNorm,loudness_sma3_amean,loudness_sma3_amean,logRelF0-H1-A3_sma3nz_amean,logRelF0-H1-A3_sma3nz_amean,logRelF0-H1-A3_sma3nz_amean,logRelF0-H1-A3_sma3nz_amean,loudness_sma3_amean,logRelF0-H1-A3_sma3nz_amean,jitterLocal_sma3nz_amean
26,loudness_sma3_meanRisingSlope,logRelF0-H1-A3_sma3nz_amean,loudness_sma3_meanFallingSlope,loudness_sma3_meanRisingSlope,loudness_sma3_amean,loudness_sma3_amean,loudness_sma3_meanFallingSlope,loudness_sma3_amean,loudness_sma3_meanFallingSlope,loudness_sma3_amean,loudness_sma3_amean,loudness_sma3_amean,jitterLocal_sma3nz_amean,loudness_sma3_amean,loudness_sma3_amean,loudness_sma3_amean,loudness_sma3_meanFallingSlope,loudness_sma3_meanFallingSlope,loudness_sma3_amean,loudness_sma3_meanFallingSlope,loudness_sma3_meanFallingSlope,loudness_sma3_amean,loudness_sma3_meanFallingSlope,loudness_sma3_meanRisingSlope,loudness_sma3_amean,loudness_sma3_amean,loudness_sma3_amean,loudness_sma3_meanFallingSlope,logRelF0-H1-A3_sma3nz_amean,loudness_sma3_meanFallingSlope,logRelF0-H1-A3_sma3nz_amean,loudness_sma3_meanFallingSlope,loudness_sma3_amean,loudness_sma3_meanFallingSlope,logRelF0-H1-A3_sma3nz_amean,loudness_sma3_amean,logRelF0-H1-A3_sma3nz_amean,loudness_sma3_meanFallingSlope,logRelF0-H1-A3_sma3nz_amean,loudness_sma3_meanFallingSlope,jitterLocal_sma3nz_amean,loudness_sma3_meanFallingSlope,loudness_sma3_meanFallingSlope,loudness_sma3_amean,loudness_sma3_amean,loudness_sma3_amean,loudness_sma3_amean,loudness_sma3_meanFallingSlope,loudness_sma3_amean,logRelF0-H1-A3_sma3nz_amean
27,loudness_sma3_pctlrange0-2,loudness_sma3_amean,loudness_sma3_meanRisingSlope,loudness_sma3_pctlrange0-2,loudness_sma3_meanFallingSlope,loudness_sma3_meanFallingSlope,loudness_sma3_meanRisingSlope,loudness_sma3_meanFallingSlope,loudness_sma3_meanRisingSlope,loudness_sma3_meanFallingSlope,loudness_sma3_meanFallingSlope,loudness_sma3_meanFallingSlope,logRelF0-H1-A3_sma3nz_amean,loudness_sma3_meanFallingSlope,loudness_sma3_meanFallingSlope,loudness_sma3_meanFallingSlope,loudness_sma3_meanRisingSlope,loudness_sma3_meanRisingSlope,loudness_sma3_meanFallingSlope,loudness_sma3_meanRisingSlope,loudness_sma3_meanRisingSlope,loudness_sma3_meanFallingSlope,loudness_sma3_meanRisingSlope,loudness_sma3_pctlrange0-2,loudness_sma3_meanFallingSlope,loudness_sma3_meanFallingSlope,loudness_sma3_meanFallingSlope,loudness_sma3_meanRisingSlope,loudness_sma3_amean,loudness_sma3_meanRisingSlope,loudness_sma3_amean,loudness_sma3_meanRisingSlope,loudness_sma3_meanFallingSlope,loudness_sma3_meanRisingSlope,loudness_sma3_amean,loudness_sma3_meanFallingSlope,loudness_sma3_amean,loudness_sma3_meanRisingSlope,loudness_sma3_amean,loudness_sma3_meanRisingSlope,logRelF0-H1-A3_sma3nz_amean,loudness_sma3_meanRisingSlope,loudness_sma3_meanRisingSlope,loudness_sma3_meanFallingSlope,loudness_sma3_meanFallingSlope,loudness_sma3_meanFallingSlope,loudness_sma3_meanFallingSlope,loudness_sma3_meanRisingSlope,loudness_sma3_meanFallingSlope,loudness_sma3_amean
28,loudness_sma3_percentile20.0,loudness_sma3_meanFallingSlope,loudness_sma3_pctlrange0-2,loudness_sma3_percentile20.0,loudness_sma3_meanRisingSlope,loudness_sma3_meanRisingSlope,loudness_sma3_pctlrange0-2,loudness_sma3_meanRisingSlope,loudness_sma3_pctlrange0-2,loudness_sma3_meanRisingSlope,loudness_sma3_meanRisingSlope,loudness_sma3_meanRisingSlope,loudness_sma3_meanFallingSlope,loudness_sma3_meanRisingSlope,loudness_sma3_meanRisingSlope,loudness_sma3_meanRisingSlope,loudness_sma3_pctlrange0-2,loudness_sma3_pctlrange0-2,loudness_sma3_meanRisingSlope,loudness_sma3_pctlrange0-2,loudness_sma3_pctlrange0-2,loudness_sma3_meanRisingSlope,loudness_sma3_pctlrange0-2,loudness_sma3_percentile20.0,loudness_sma3_meanRisingSlope,loudness_sma3_meanRisingSlope,loudness_sma3_meanRisingSlope,loudness_sma3_pctlrange0-2,loudness_sma3_meanFallingSlope,loudness_sma3_pctlrange0-2,loudness_sma3_meanFallingSlope,loudness_sma3_pctlrange0-2,loudness_sma3_meanRisingSlope,loudness_sma3_pctlrange0-2,loudness_sma3_meanFallingSlope,loudness_sma3_meanRisingSlope,loudness_sma3_meanFallingSlope,loudness_sma3_pctlrange0-2,loudness_sma3_meanFallingSlope,loudness_sma3_pctlrange0-2,loudness_sma3_amean,loudness_sma3_pctlrange0-2,loudness_sma3_pctlrange0-2,loudness_sma3_meanRisingSlope,loudness_sma3_meanRisingSlope,loudness_sma3_meanRisingSlope,loudness_sma3_meanRisingSlope,loudness_sma3_pctlrange0-2,loudness_sma3_meanRisingSlope,loudness_sma3_meanFallingSlope
29,loudness_sma3_percentile50.0,loudness_sma3_meanRisingSlope,loudness_sma3_percentile20.0,loudness_sma3_percentile50.0,loudness_sma3_pctlrange0-2,loudness_sma3_pctlrange0-2,loudness_sma3_percentile20.0,loudness_sma3_pctlrange0-2,loudness_sma3_percentile20.0,loudness_sma3_pctlrange0-2,loudness_sma3_pctlrange0-2,loudness_sma3_pctlrange0-2,loudness_sma3_meanRisingSlope,loudness_sma3_pctlrange0-2,loudness_sma3_pctlrange0-2,loudness_sma3_pctlrange0-2,loudness_sma3_percentile20.0,loudness_sma3_percentile20.0,loudness_sma3_pctlrange0-2,loudness_sma3_percentile20.0,loudness_sma3_percentile20.0,loudness_sma3_pctlrange0-2,loudness_sma3_percentile20.0,loudness_sma3_percentile50.0,loudness_sma3_pctlrange0-2,loudness_sma3_pctlrange0-2,loudness_sma3_pctlrange0-2,loudness_sma3_percentile20.0,loudness_sma3_meanRisingSlope,loudness_sma3_percentile20.0,loudness_sma3_meanRisingSlope,loudness_sma3_percentile20.0,loudness_sma3_pctlrange0-2,loudness_sma3_percentile20.0,loudness_sma3_meanRisingSlope,loudness_sma3_pctlrange0-2,loudness_sma3_meanRisingSlope,loudness_sma3_percentile20.0,loudness_sma3_meanRisingSlope,loudness_sma3_percentile20.0,loudness_sma3_meanFallingSlope,loudness_sma3_percentile20.0,loudness_sma3_percentile20.0,loudness_sma3_pctlrange0-2,loudness_sma3_pctlrange0-2,loudness_sma3_pctlrange0-2,loudness_sma3_pctlrange0-2,loudness_sma3_percentile20.0,loudness_sma3_pctlrange0-2,loudness_sma3_meanRisingSlope
30,loudness_sma3_percentile80.0,loudness_sma3_pctlrange0-2,loudness_sma3_percentile50.0,loudness_sma3_percentile80.0,loudness_sma3_percentile20.0,loudness_sma3_percentile20.0,loudness_sma3_percentile50.0,loudness_sma3_percentile20.0,loudness_sma3_percentile50.0,loudness_sma3_percentile20.0,loudness_sma3_percentile20.0,loudness_sma3_percentile20.0,loudness_sma3_pctlrange0-2,loudness_sma3_percentile20.0,loudness_sma3_percentile20.0,loudness_sma3_percentile20.0,loudness_sma3_percentile50.0,loudness_sma3_percentile50.0,loudness_sma3_percentile20.0,loudness_sma3_percentile50.0,loudness_sma3_percentile50.0,loudness_sma3_percentile20.0,loudness_sma3_percentile50.0,loudness_sma3_percentile80.0,loudness_sma3_percentile20.0,loudness_sma3_percentile20.0,loudness_sma3_percentile20.0,loudness_sma3_percentile50.0,loudness_sma3_pctlrange0-2,loudness_sma3_percentile50.0,loudness_sma3_pctlrange0-2,loudness_sma3_percentile50.0,loudness_sma3_percentile20.0,loudness_sma3_percentile50.0,loudness_sma3_pctlrange0-2,loudness_sma3_percentile20.0,loudness_sma3_pctlrange0-2,loudness_sma3_percentile50.0,loudness_sma3_pctlrange0-2,loudness_sma3_percentile50.0,loudness_sma3_meanRisingSlope,loudness_sma3_percentile50.0,loudness_sma3_percentile50.0,loudness_sma3_percentile20.0,loudness_sma3_percentile20.0,loudness_sma3_percentile20.0,loudness_sma3_percentile20.0,loudness_sma3_percentile50.0,loudness_sma3_percentile20.0,loudness_sma3_pctlrange0-2
31,loudness_sma3_stddevFallingSlope,loudness_sma3_percentile20.0,loudness_sma3_percentile80.0,loudness_sma3_stddevFallingSlope,loudness_sma3_percentile50.0,loudness_sma3_percentile50.0,loudness_sma3_percentile80.0,loudness_sma3_percentile50.0,loudness_sma3_percentile80.0,loudness_sma3_percentile50.0,loudness_sma3_percentile50.0,loudness_sma3_percentile50.0,loudness_sma3_percentile20.0,loudness_sma3_percentile50.0,loudness_sma3_percentile50.0,loudness_sma3_percentile50.0,loudness_sma3_percentile80.0,loudness_sma3_percentile80.0,loudness_sma3_percentile50.0,loudness_sma3_percentile80.0,loudness_sma3_percentile80.0,loudness_sma3_percentile50.0,loudness_sma3_percentile80.0,loudness_sma3_stddevFallingSlope,loudness_sma3_percentile50.0,loudness_sma3_percentile50.0,loudness_sma3_percentile50.0,loudness_sma3_percentile80.0,loudness_sma3_percentile20.0,loudness_sma3_percentile80.0,loudness_sma3_percentile20.0,loudness_sma3_percentile80.0,loudness_sma3_percentile50.0,loudness_sma3_percentile80.0,loudness_sma3_percentile20.0,loudness_sma3_percentile50.0,loudness_sma3_percentile20.0,loudness_sma3_percentile80.0,loudness_sma3_percentile20.0,loudness_sma3_percentile80.0,loudness_sma3_pctlrange0-2,loudness_sma3_percentile80.0,loudness_sma3_percentile80.0,loudness_sma3_percentile50.0,loudness_sma3_percentile50.0,loudness_sma3_percentile50.0,loudness_sma3_percentile50.0,loudness_sma3_percentile80.0,loudness_sma3_percentile50.0,loudness_sma3_percentile20.0
32,loudness_sma3_stddevRisingSlope,loudness_sma3_percentile50.0,loudness_sma3_stddevFallingSlope,loudness_sma3_stddevRisingSlope,loudness_sma3_percentile80.0,loudness_sma3_percentile80.0,loudness_sma3_stddevFallingSlope,loudness_sma3_percentile80.0,loudness_sma3_stddevFallingSlope,loudness_sma3_percentile80.0,loudness_sma3_percentile80.0,loudness_sma3_percentile80.0,loudness_sma3_percentile50.0,loudness_sma3_percentile80.0,loudness_sma3_percentile80.0,loudness_sma3_percentile80.0,loudness_sma3_stddevFallingSlope,loudness_sma3_stddevFallingSlope,loudness_sma3_percentile80.0,loudness_sma3_stddevFallingSlope,loudness_sma3_stddevFallingSlope,loudness_sma3_percentile80.0,loudness_sma3_stddevFallingSlope,loudness_sma3_stddevRisingSlope,loudness_sma3_percentile80.0,loudness_sma3_percentile80.0,loudness_sma3_percentile80.0,loudness_sma3_stddevFallingSlope,loudness_sma3_percentile50.0,loudness_sma3_stddevFallingSlope,loudness_sma3_percentile50.0,loudness_sma3_stddevFallingSlope,loudness_sma3_percentile80.0,loudness_sma3_stddevFallingSlope,loudness_sma3_percentile50.0,loudness_sma3_percentile80.0,loudness_sma3_percentile50.0,loudness_sma3_stddevFallingSlope,loudness_sma3_percentile50.0,loudness_sma3_stddevFallingSlope,loudness_sma3_percentile20.0,loudness_sma3_stddevFallingSlope,loudness_sma3_stddevFallingSlope,loudness_sma3_percentile80.0,loudness_sma3_percentile80.0,loudness_sma3_percentile80.0,loudness_sma3_percentile80.0,loudness_sma3_stddevFallingSlope,loudness_sma3_percentile80.0,loudness_sma3_percentile50.0
33,mfcc1V_sma3nz_stddevNorm,loudness_sma3_percentile80.0,loudness_sma3_stddevRisingSlope,mfcc1_sma3_amean,loudness_sma3_stddevFallingSlope,loudness_sma3_stddevFallingSlope,loudness_sma3_stddevRisingSlope,loudness_sma3_stddevFallingSlope,loudness_sma3_stddevRisingSlope,loudness_sma3_stddevFallingSlope,loudness_sma3_stddevFallingSlope,loudness_sma3_stddevFallingSlope,loudness_sma3_percentile80.0,loudness_sma3_stddevFallingSlope,loudness_sma3_stddevFallingSlope,loudness_sma3_stddevFallingSlope,loudness_sma3_stddevRisingSlope,loudness_sma3_stddevRisingSlope,loudness_sma3_stddevFallingSlope,loudness_sma3_stddevRisingSlope,loudness_sma3_stddevRisingSlope,loudness_sma3_stddevFallingSlope,loudness_sma3_stddevRisingSlope,mfcc1_sma3_amean,loudness_sma3_stddevFallingSlope,loudness_sma3_stddevFallingSlope,loudness_sma3_stddevFallingSlope,loudness_sma3_stddevRisingSlope,loudness_sma3_percentile80.0,loudness_sma3_stddevRisingSlope,loudness_sma3_percentile80.0,loudness_sma3_stddevRisingSlope,loudness_sma3_stddevFallingSlope,loudness_sma3_stddevRisingSlope,loudness_sma3_percentile80.0,loudness_sma3_stddevFallingSlope,loudness_sma3_percentile80.0,loudness_sma3_stddevRisingSlope,loudness_sma3_percentile80.0,loudness_sma3_stddevRisingSlope,loudness_sma3_percentile50.0,loudness_sma3_stddevRisingSlope,loudness_sma3_stddevRisingSlope,loudness_sma3_stddevFallingSlope,loudness_sma3_stddevFallingSlope,loudness_sma3_stddevFallingSlope,loudness_sma3_stddevFallingSlope,loudness_sma3_stddevRisingSlope,loudness_sma3_stddevFallingSlope,loudness_sma3_percentile80.0
34,mfcc1_sma3_amean,loudness_sma3_stddevFallingSlope,mfcc1_sma3_amean,mfcc1_sma3_stddevNorm,loudness_sma3_stddevRisingSlope,loudness_sma3_stddevRisingSlope,mfcc1_sma3_amean,loudness_sma3_stddevRisingSlope,mfcc1V_sma3nz_stddevNorm,loudness_sma3_stddevRisingSlope,loudness_sma3_stddevRisingSlope,loudness_sma3_stddevRisingSlope,loudness_sma3_stddevFallingSlope,loudness_sma3_stddevRisingSlope,loudness_sma3_stddevRisingSlope,loudness_sma3_stddevRisingSlope,mfcc1_sma3_amean,mfcc1V_sma3nz_stddevNorm,loudness_sma3_stddevRisingSlope,mfcc1_sma3_amean,mfcc1V_sma3nz_stddevNorm,loudness_sma3_stddevRisingSlope,mfcc1_sma3_amean,mfcc1_sma3_stddevNorm,loudness_sma3_stddevRisingSlope,loudness_sma3_stddevRisingSlope,loudness_sma3_stddevRisingSlope,mfcc1_sma3_amean,loudness_sma3_stddevFallingSlope,mfcc1V_sma3nz_stddevNorm,loudness_sma3_stddevFallingSlope,mfcc1_sma3_amean,loudness_sma3_stddevRisingSlope,mfcc1V_sma3nz_stddevNorm,loudness_sma3_stddevFallingSlope,loudness_sma3_stddevRisingSlope,loudness_sma3_stddevFallingSlope,mfcc1_sma3_amean,loudness_sma3_stddevFallingSlope,mfcc1_sma3_amean,loudness_sma3_percentile80.0,mfcc1_sma3_amean,mfcc1V_sma3nz_stddevNorm,loudness_sma3_stddevRisingSlope,loudness_sma3_stddevRisingSlope,loudness_sma3_stddevRisingSlope,loudness_sma3_stddevRisingSlope,mfcc1_sma3_amean,loudness_sma3_stddevRisingSlope,loudness_sma3_stddevFallingSlope
35,mfcc1_sma3_stddevNorm,loudness_sma3_stddevRisingSlope,mfcc1_sma3_stddevNorm,mfcc2V_sma3nz_amean,mfcc1V_sma3nz_amean,mfcc1V_sma3nz_stddevNorm,mfcc1_sma3_stddevNorm,mfcc1_sma3_amean,mfcc1_sma3_amean,mfcc1_sma3_amean,mfcc1V_sma3nz_amean,mfcc1_sma3_amean,loudness_sma3_stddevRisingSlope,mfcc1V_sma3nz_stddevNorm,mfcc1_sma3_amean,mfcc1_sma3_amean,mfcc1_sma3_stddevNorm,mfcc1_sma3_amean,mfcc1V_sma3nz_amean,mfcc1_sma3_stddevNorm,mfcc1_sma3_amean,mfcc1V_sma3nz_amean,mfcc1_sma3_stddevNorm,mfcc2V_sma3nz_amean,mfcc1_sma3_amean,mfcc1_sma3_amean,mfcc1V_sma3nz_amean,mfcc1_sma3_stddevNorm,loudness_sma3_stddevRisingSlope,mfcc1_sma3_amean,loudness_sma3_stddevRisingSlope,mfcc1_sma3_stddevNorm,mfcc1_sma3_amean,mfcc1_sma3_amean,loudness_sma3_stddevRisingSlope,mfcc1V_sma3nz_stddevNorm,loudness_sma3_stddevRisingSlope,mfcc1_sma3_stddevNorm,loudness_sma3_stddevRisingSlope,mfcc1_sma3_stddevNorm,loudness_sma3_stddevFallingSlope,mfcc1_sma3_stddevNorm,mfcc1_sma3_amean,mfcc1V_sma3nz_amean,mfcc1V_sma3nz_amean,mfcc1V_sma3nz_amean,mfcc1_sma3_amean,mfcc1_sma3_stddevNorm,mfcc1V_sma3nz_stddevNorm,loudness_sma3_stddevRisingSlope
36,mfcc2V_sma3nz_amean,mfcc1_sma3_amean,mfcc2V_sma3nz_amean,mfcc2_sma3_amean,mfcc1V_sma3nz_stddevNorm,mfcc1_sma3_amean,mfcc2V_sma3nz_amean,mfcc1_sma3_stddevNorm,mfcc1_sma3_stddevNorm,mfcc1_sma3_stddevNorm,mfcc1V_sma3nz_stddevNorm,mfcc1_sma3_stddevNorm,mfcc1V_sma3nz_amean,mfcc1_sma3_amean,mfcc1_sma3_stddevNorm,mfcc1_sma3_stddevNorm,mfcc2V_sma3nz_amean,mfcc1_sma3_stddevNorm,mfcc1V_sma3nz_stddevNorm,mfcc2V_sma3nz_amean,mfcc1_sma3_stddevNorm,mfcc1_sma3_amean,mfcc2V_sma3nz_amean,mfcc2_sma3_amean,mfcc1_sma3_stddevNorm,mfcc1_sma3_stddevNorm,mfcc1V_sma3nz_stddevNorm,mfcc2V_sma3nz_amean,mfcc1V_sma3nz_amean,mfcc1_sma3_stddevNorm,mfcc1V_sma3nz_amean,mfcc2V_sma3nz_amean,mfcc1_sma3_stddevNorm,mfcc1_sma3_stddevNorm,mfcc1V_sma3nz_amean,mfcc1_sma3_amean,mfcc1V_sma3nz_amean,mfcc2V_sma3nz_amean,mfcc1V_sma3nz_amean,mfcc2V_sma3nz_amean,loudness_sma3_stddevRisingSlope,mfcc2V_sma3nz_amean,mfcc1_sma3_stddevNorm,mfcc1_sma3_amean,mfcc1_sma3_amean,mfcc1_sma3_amean,mfcc1_sma3_stddevNorm,mfcc2V_sma3nz_amean,mfcc1_sma3_amean,mfcc1V_sma3nz_amean
37,mfcc2_sma3_amean,mfcc1_sma3_stddevNorm,mfcc2_sma3_amean,mfcc2_sma3_stddevNorm,mfcc1_sma3_amean,mfcc1_sma3_stddevNorm,mfcc2_sma3_amean,mfcc2V_sma3nz_amean,mfcc2V_sma3nz_amean,mfcc2V_sma3nz_amean,mfcc1_sma3_amean,mfcc2V_sma3nz_amean,mfcc1_sma3_amean,mfcc1_sma3_stddevNorm,mfcc2V_sma3nz_amean,mfcc2V_sma3nz_amean,mfcc2_sma3_amean,mfcc2V_sma3nz_amean,mfcc1_sma3_amean,mfcc2_sma3_amean,mfcc2V_sma3nz_amean,mfcc1_sma3_stddevNorm,mfcc2_sma3_amean,mfcc2_sma3_stddevNorm,mfcc2V_sma3nz_amean,mfcc2V_sma3nz_amean,mfcc1_sma3_amean,mfcc2_sma3_amean,mfcc1_sma3_amean,mfcc2V_sma3nz_amean,mfcc1_sma3_amean,mfcc2_sma3_amean,mfcc2V_sma3nz_amean,mfcc2V_sma3nz_amean,mfcc1V_sma3nz_stddevNorm,mfcc2V_sma3nz_amean,mfcc1V_sma3nz_stddevNorm,mfcc2_sma3_amean,mfcc1V_sma3nz_stddevNorm,mfcc2_sma3_amean,mfcc1V_sma3nz_amean,mfcc2_sma3_amean,mfcc2V_sma3nz_amean,mfcc1_sma3_stddevNorm,mfcc1_sma3_stddevNorm,mfcc1_sma3_stddevNorm,mfcc2V_sma3nz_amean,mfcc2_sma3_amean,mfcc1_sma3_stddevNorm,mfcc1_sma3_amean
38,mfcc2_sma3_stddevNorm,mfcc2V_sma3nz_amean,mfcc2_sma3_stddevNorm,mfcc3_sma3_amean,mfcc1_sma3_stddevNorm,mfcc2V_sma3nz_amean,mfcc3V_sma3nz_stddevNorm,mfcc2_sma3_amean,mfcc2_sma3_amean,mfcc2_sma3_amean,mfcc1_sma3_stddevNorm,mfcc2_sma3_amean,mfcc1_sma3_stddevNorm,mfcc2V_sma3nz_amean,mfcc2_sma3_amean,mfcc2_sma3_amean,mfcc2_sma3_stddevNorm,mfcc2_sma3_amean,mfcc1_sma3_stddevNorm,mfcc2_sma3_stddevNorm,mfcc2_sma3_amean,mfcc2V_sma3nz_amean,mfcc3V_sma3nz_stddevNorm,mfcc3_sma3_amean,mfcc2_sma3_amean,mfcc2_sma3_amean,mfcc1_sma3_stddevNorm,mfcc3_sma3_amean,mfcc1_sma3_stddevNorm,mfcc2_sma3_amean,mfcc1_sma3_stddevNorm,mfcc3V_sma3nz_stddevNorm,mfcc2_sma3_amean,mfcc2_sma3_amean,mfcc1_sma3_amean,mfcc2_sma3_amean,mfcc1_sma3_amean,mfcc2_sma3_stddevNorm,mfcc1_sma3_amean,mfcc3_sma3_amean,mfcc1V_sma3nz_stddevNorm,mfcc2_sma3_stddevNorm,mfcc2_sma3_amean,mfcc2V_sma3nz_amean,mfcc2V_sma3nz_amean,mfcc2V_sma3nz_amean,mfcc2_sma3_amean,mfcc2_sma3_stddevNorm,mfcc2V_sma3nz_amean,mfcc1_sma3_stddevNorm
39,mfcc3_sma3_amean,mfcc2_sma3_amean,mfcc3_sma3_amean,mfcc3_sma3_stddevNorm,mfcc2V_sma3nz_amean,mfcc2_sma3_amean,mfcc3_sma3_amean,mfcc2_sma3_stddevNorm,mfcc2_sma3_stddevNorm,mfcc2_sma3_stddevNorm,mfcc2V_sma3nz_amean,mfcc2_sma3_stddevNorm,mfcc2V_sma3nz_amean,mfcc2_sma3_amean,mfcc3V_sma3nz_stddevNorm,mfcc2_sma3_stddevNorm,mfcc3_sma3_amean,mfcc2_sma3_stddevNorm,mfcc2V_sma3nz_amean,mfcc3V_sma3nz_stddevNorm,mfcc2_sma3_stddevNorm,mfcc2_sma3_amean,mfcc3_sma3_amean,mfcc3_sma3_stddevNorm,mfcc3_sma3_amean,mfcc3V_sma3nz_stddevNorm,mfcc2V_sma3nz_amean,mfcc3_sma3_stddevNorm,mfcc2V_sma3nz_amean,mfcc3_sma3_amean,mfcc2V_sma3nz_amean,mfcc3_sma3_amean,mfcc3_sma3_amean,mfcc2_sma3_stddevNorm,mfcc1_sma3_stddevNorm,mfcc3V_sma3nz_stddevNorm,mfcc1_sma3_stddevNorm,mfcc3_sma3_amean,mfcc1_sma3_stddevNorm,mfcc3_sma3_stddevNorm,mfcc1_sma3_amean,mfcc3V_sma3nz_stddevNorm,mfcc2_sma3_stddevNorm,mfcc2_sma3_amean,mfcc2_sma3_amean,mfcc2_sma3_amean,mfcc2_sma3_stddevNorm,mfcc3_sma3_amean,mfcc2_sma3_amean,mfcc2V_sma3nz_amean
40,mfcc3_sma3_stddevNorm,mfcc2_sma3_stddevNorm,mfcc3_sma3_stddevNorm,mfcc4_sma3_amean,mfcc2_sma3_amean,mfcc2_sma3_stddevNorm,mfcc3_sma3_stddevNorm,mfcc3_sma3_amean,mfcc3_sma3_amean,mfcc3_sma3_amean,mfcc2_sma3_amean,mfcc3_sma3_amean,mfcc2_sma3_amean,mfcc3V_sma3nz_stddevNorm,mfcc3_sma3_amean,mfcc3_sma3_amean,mfcc3_sma3_stddevNorm,mfcc3_sma3_amean,mfcc2_sma3_amean,mfcc3_sma3_amean,mfcc3_sma3_amean,mfcc2_sma3_stddevNorm,mfcc3_sma3_stddevNorm,mfcc4_sma3_amean,mfcc3_sma3_stddevNorm,mfcc3_sma3_amean,mfcc2_sma3_amean,mfcc4_sma3_amean,mfcc2_sma3_amean,mfcc3_sma3_stddevNorm,mfcc2_sma3_amean,mfcc3_sma3_stddevNorm,mfcc3_sma3_stddevNorm,mfcc3_sma3_amean,mfcc2V_sma3nz_amean,mfcc3_sma3_amean,mfcc2V_sma3nz_amean,mfcc3_sma3_stddevNorm,mfcc2V_sma3nz_amean,mfcc4_sma3_amean,mfcc2V_sma3nz_amean,mfcc3_sma3_amean,mfcc3_sma3_amean,mfcc3V_sma3nz_stddevNorm,mfcc3_sma3_amean,mfcc2_sma3_stddevNorm,mfcc3V_sma3nz_stddevNorm,mfcc3_sma3_stddevNorm,mfcc2_sma3_stddevNorm,mfcc2_sma3_amean
41,mfcc4_sma3_amean,mfcc3V_sma3nz_stddevNorm,mfcc4_sma3_amean,shimmerLocaldB_sma3nz_amean,mfcc2_sma3_stddevNorm,mfcc3_sma3_amean,mfcc4_sma3_amean,mfcc3_sma3_stddevNorm,mfcc3_sma3_stddevNorm,mfcc3_sma3_stddevNorm,mfcc2_sma3_stddevNorm,mfcc3_sma3_stddevNorm,mfcc2_sma3_stddevNorm,mfcc3_sma3_amean,mfcc3_sma3_stddevNorm,mfcc3_sma3_stddevNorm,mfcc4V_sma3nz_stddevNorm,mfcc3_sma3_stddevNorm,mfcc3_sma3_amean,mfcc3_sma3_stddevNorm,mfcc3_sma3_stddevNorm,mfcc3V_sma3nz_stddevNorm,mfcc4_sma3_amean,shimmerLocaldB_sma3nz_amean,mfcc4_sma3_amean,mfcc3_sma3_stddevNorm,mfcc3_sma3_amean,shimmerLocaldB_sma3nz_amean,mfcc3_sma3_amean,mfcc4_sma3_amean,mfcc3V_sma3nz_stddevNorm,mfcc4V_sma3nz_stddevNorm,mfcc4V_sma3nz_stddevNorm,mfcc3_sma3_stddevNorm,mfcc2_sma3_amean,mfcc3_sma3_stddevNorm,mfcc2_sma3_amean,mfcc4_sma3_amean,mfcc2_sma3_amean,shimmerLocaldB_sma3nz_amean,mfcc2_sma3_amean,mfcc3_sma3_stddevNorm,mfcc3_sma3_stddevNorm,mfcc3_sma3_amean,mfcc3_sma3_stddevNorm,mfcc3_sma3_amean,mfcc3_sma3_amean,mfcc4_sma3_amean,mfcc3V_sma3nz_stddevNorm,mfcc2_sma3_stddevNorm
42,shimmerLocaldB_sma3nz_amean,mfcc3_sma3_amean,shimmerLocaldB_sma3nz_amean,slopeUV500-1500_sma3nz_amean,mfcc3_sma3_amean,mfcc3_sma3_stddevNorm,shimmerLocaldB_sma3nz_amean,mfcc4_sma3_amean,mfcc4_sma3_amean,mfcc4_sma3_amean,mfcc3V_sma3nz_stddevNorm,mfcc4_sma3_amean,mfcc3V_sma3nz_stddevNorm,mfcc3_sma3_stddevNorm,mfcc4_sma3_amean,mfcc4_sma3_amean,mfcc4_sma3_amean,mfcc4_sma3_amean,mfcc3_sma3_stddevNorm,mfcc4_sma3_amean,mfcc4_sma3_amean,mfcc3_sma3_amean,shimmerLocaldB_sma3nz_amean,slopeUV500-1500_sma3nz_amean,shimmerLocaldB_sma3nz_amean,mfcc4_sma3_amean,mfcc3_sma3_stddevNorm,slopeUV500-1500_sma3nz_amean,mfcc3_sma3_stddevNorm,shimmerLocaldB_sma3nz_amean,mfcc3_sma3_amean,mfcc4_sma3_amean,mfcc4_sma3_amean,mfcc4_sma3_amean,mfcc3_sma3_amean,mfcc4_sma3_amean,mfcc2_sma3_stddevNorm,shimmerLocaldB_sma3nz_amean,mfcc3V_sma3nz_stddevNorm,slopeUV0-500_sma3nz_amean,mfcc2_sma3_stddevNorm,mfcc4_sma3_amean,mfcc4_sma3_amean,mfcc3_sma3_stddevNorm,mfcc4_sma3_amean,mfcc3_sma3_stddevNorm,mfcc3_sma3_stddevNorm,shimmerLocaldB_sma3nz_amean,mfcc3_sma3_amean,mfcc3V_sma3nz_stddevNorm
43,slopeUV0-500_sma3nz_amean,mfcc3_sma3_stddevNorm,slopeUV500-1500_sma3nz_amean,slopeV0-500_sma3nz_amean,mfcc3_sma3_stddevNorm,mfcc4_sma3_amean,slopeUV0-500_sma3nz_amean,shimmerLocaldB_sma3nz_amean,shimmerLocaldB_sma3nz_amean,shimmerLocaldB_sma3nz_amean,mfcc3_sma3_amean,shimmerLocaldB_sma3nz_amean,mfcc3_sma3_amean,mfcc4_sma3_amean,shimmerLocaldB_sma3nz_amean,shimmerLocaldB_sma3nz_amean,shimmerLocaldB_sma3nz_amean,shimmerLocaldB_sma3nz_amean,mfcc4_sma3_amean,shimmerLocaldB_sma3nz_amean,mfcc4_sma3_stddevNorm,mfcc3_sma3_stddevNorm,slopeUV0-500_sma3nz_amean,slopeV0-500_sma3nz_amean,slopeUV500-1500_sma3nz_amean,shimmerLocaldB_sma3nz_amean,mfcc4_sma3_amean,slopeV0-500_sma3nz_amean,mfcc4_sma3_amean,slopeUV0-500_sma3nz_amean,mfcc3_sma3_stddevNorm,shimmerLocaldB_sma3nz_amean,shimmerLocaldB_sma3nz_amean,shimmerLocaldB_sma3nz_amean,mfcc3_sma3_stddevNorm,shimmerLocaldB_sma3nz_amean,mfcc3_sma3_amean,slopeUV500-1500_sma3nz_amean,mfcc3_sma3_amean,slopeUV500-1500_sma3nz_amean,mfcc3_sma3_amean,shimmerLocaldB_sma3nz_amean,shimmerLocaldB_sma3nz_amean,mfcc4_sma3_amean,mfcc4_sma3_stddevNorm,mfcc4_sma3_amean,mfcc4_sma3_amean,slopeUV500-1500_sma3nz_amean,mfcc3_sma3_stddevNorm,mfcc3_sma3_amean
44,slopeUV500-1500_sma3nz_amean,mfcc4_sma3_amean,slopeV0-500_sma3nz_amean,slopeV500-1500_sma3nz_stddevNorm,mfcc4_sma3_amean,shimmerLocaldB_sma3nz_amean,slopeUV500-1500_sma3nz_amean,slopeUV500-1500_sma3nz_amean,slopeUV0-500_sma3nz_amean,slopeUV500-1500_sma3nz_amean,mfcc3_sma3_stddevNorm,slopeUV0-500_sma3nz_amean,mfcc3_sma3_stddevNorm,shimmerLocaldB_sma3nz_amean,slopeUV500-1500_sma3nz_amean,slopeUV500-1500_sma3nz_amean,slopeUV500-1500_sma3nz_amean,slopeUV0-500_sma3nz_amean,shimmerLocaldB_sma3nz_amean,slopeUV500-1500_sma3nz_amean,shimmerLocaldB_sma3nz_amean,mfcc4_sma3_amean,slopeUV500-1500_sma3nz_amean,slopeV500-1500_sma3nz_amean,slopeV0-500_sma3nz_amean,slopeUV0-500_sma3nz_amean,shimmerLocaldB_sma3nz_amean,slopeV500-1500_sma3nz_amean,shimmerLocaldB_sma3nz_amean,slopeUV500-1500_sma3nz_amean,mfcc4_sma3_amean,slopeUV500-1500_sma3nz_amean,slopeUV0-500_sma3nz_amean,slopeUV500-1500_sma3nz_amean,mfcc4_sma3_amean,slopeUV0-500_sma3nz_amean,mfcc3_sma3_stddevNorm,slopeV0-500_sma3nz_amean,mfcc3_sma3_stddevNorm,slopeV0-500_sma3nz_amean,mfcc3_sma3_stddevNorm,slopeUV500-1500_sma3nz_amean,slopeUV0-500_sma3nz_amean,shimmerLocaldB_sma3nz_amean,shimmerLocaldB_sma3nz_amean,shimmerLocaldB_sma3nz_amean,shimmerLocaldB_sma3nz_amean,slopeV0-500_sma3nz_amean,mfcc4_sma3_amean,mfcc3_sma3_stddevNorm
45,slopeV0-500_sma3nz_amean,shimmerLocaldB_sma3nz_amean,slopeV500-1500_sma3nz_amean,spectralFluxUV_sma3nz_amean,shimmerLocaldB_sma3nz_amean,slopeUV500-1500_sma3nz_amean,slopeV0-500_sma3nz_amean,slopeV0-500_sma3nz_amean,slopeUV500-1500_sma3nz_amean,slopeV0-500_sma3nz_amean,mfcc4_sma3_amean,slopeUV500-1500_sma3nz_amean,mfcc4_sma3_amean,slopeUV0-500_sma3nz_amean,slopeV0-500_sma3nz_amean,slopeV0-500_sma3nz_amean,slopeV0-500_sma3nz_amean,slopeUV500-1500_sma3nz_amean,slopeUV0-500_sma3nz_amean,slopeV0-500_sma3nz_amean,slopeUV0-500_sma3nz_amean,shimmerLocaldB_sma3nz_amean,slopeV0-500_sma3nz_amean,spectralFluxUV_sma3nz_amean,slopeV500-1500_sma3nz_stddevNorm,slopeUV500-1500_sma3nz_amean,slopeUV0-500_sma3nz_amean,slopeV500-1500_sma3nz_stddevNorm,slopeUV0-500_sma3nz_amean,slopeV0-500_sma3nz_amean,mfcc4_sma3_stddevNorm,slopeV0-500_sma3nz_amean,slopeUV500-1500_sma3nz_amean,slopeV0-500_sma3nz_amean,mfcc4_sma3_stddevNorm,slopeUV500-1500_sma3nz_amean,mfcc4_sma3_amean,slopeV500-1500_sma3nz_stddevNorm,mfcc4_sma3_amean,slopeV500-1500_sma3nz_amean,mfcc4_sma3_amean,slopeV0-500_sma3nz_amean,slopeUV500-1500_sma3nz_amean,slopeUV0-500_sma3nz_amean,slopeUV0-500_sma3nz_amean,slopeUV500-1500_sma3nz_amean,slopeUV0-500_sma3nz_amean,slopeV500-1500_sma3nz_amean,shimmerLocaldB_sma3nz_amean,mfcc4_sma3_amean
46,slopeV500-1500_sma3nz_amean,slopeUV500-1500_sma3nz_amean,slopeV500-1500_sma3nz_stddevNorm,spectralFluxV_sma3nz_amean,slopeUV500-1500_sma3nz_amean,slopeV0-500_sma3nz_amean,slopeV500-1500_sma3nz_amean,slopeV500-1500_sma3nz_amean,slopeV0-500_sma3nz_amean,slopeV500-1500_sma3nz_amean,shimmerLocaldB_sma3nz_amean,slopeV0-500_sma3nz_amean,shimmerLocaldB_sma3nz_amean,slopeUV500-1500_sma3nz_amean,slopeV500-1500_sma3nz_stddevNorm,slopeV500-1500_sma3nz_stddevNorm,slopeV500-1500_sma3nz_amean,slopeV0-500_sma3nz_amean,slopeUV500-1500_sma3nz_amean,slopeV500-1500_sma3nz_amean,slopeUV500-1500_sma3nz_amean,slopeUV0-500_sma3nz_amean,slopeV500-1500_sma3nz_stddevNorm,spectralFluxV_sma3nz_amean,spectralFluxUV_sma3nz_amean,slopeV0-500_sma3nz_amean,slopeUV500-1500_sma3nz_amean,spectralFluxUV_sma3nz_amean,slopeUV500-1500_sma3nz_amean,slopeV500-1500_sma3nz_amean,shimmerLocaldB_sma3nz_amean,slopeV500-1500_sma3nz_stddevNorm,slopeV0-500_sma3nz_amean,slopeV500-1500_sma3nz_stddevNorm,shimmerLocaldB_sma3nz_amean,slopeV0-500_sma3nz_amean,shimmerLocaldB_sma3nz_amean,spectralFluxUV_sma3nz_amean,shimmerLocaldB_sma3nz_amean,spectralFluxUV_sma3nz_amean,shimmerLocaldB_sma3nz_amean,slopeV500-1500_sma3nz_amean,slopeV0-500_sma3nz_amean,slopeUV500-1500_sma3nz_amean,slopeUV500-1500_sma3nz_amean,slopeV0-500_sma3nz_amean,slopeUV500-1500_sma3nz_amean,spectralFluxUV_sma3nz_amean,slopeUV0-500_sma3nz_amean,shimmerLocaldB_sma3nz_amean
47,spectralFluxUV_sma3nz_amean,slopeV0-500_sma3nz_amean,spectralFluxUV_sma3nz_amean,spectralFlux_sma3_amean,slopeV0-500_sma3nz_amean,slopeV500-1500_sma3nz_stddevNorm,spectralFluxUV_sma3nz_amean,spectralFluxUV_sma3nz_amean,slopeV500-1500_sma3nz_amean,spectralFluxUV_sma3nz_amean,slopeUV0-500_sma3nz_amean,slopeV500-1500_sma3nz_stddevNorm,slopeUV500-1500_sma3nz_amean,slopeV0-500_sma3nz_amean,spectralFluxUV_sma3nz_amean,spectralFluxUV_sma3nz_amean,spectralFluxUV_sma3nz_amean,slopeV500-1500_sma3nz_amean,slopeV0-500_sma3nz_amean,slopeV500-1500_sma3nz_stddevNorm,slopeV0-500_sma3nz_amean,slopeUV500-1500_sma3nz_amean,spectralFluxUV_sma3nz_amean,spectralFlux_sma3_amean,spectralFluxV_sma3nz_amean,slopeV500-1500_sma3nz_amean,slopeV0-500_sma3nz_amean,spectralFluxV_sma3nz_amean,slopeV0-500_sma3nz_amean,spectralFluxUV_sma3nz_amean,slopeUV500-1500_sma3nz_amean,spectralFluxUV_sma3nz_amean,slopeV500-1500_sma3nz_stddevNorm,spectralFluxUV_sma3nz_amean,slopeUV500-1500_sma3nz_amean,slopeV500-1500_sma3nz_stddevNorm,slopeUV500-1500_sma3nz_amean,spectralFluxV_sma3nz_amean,slopeUV500-1500_sma3nz_amean,spectralFluxV_sma3nz_amean,slopeUV500-1500_sma3nz_amean,slopeV500-1500_sma3nz_stddevNorm,slopeV500-1500_sma3nz_stddevNorm,slopeV0-500_sma3nz_amean,slopeV0-500_sma3nz_amean,slopeV500-1500_sma3nz_amean,slopeV0-500_sma3nz_amean,spectralFluxV_sma3nz_amean,slopeUV500-1500_sma3nz_amean,slopeUV0-500_sma3nz_amean
48,spectralFluxV_sma3nz_amean,slopeV500-1500_sma3nz_amean,spectralFluxV_sma3nz_amean,spectralFlux_sma3_stddevNorm,slopeV500-1500_sma3nz_amean,spectralFluxUV_sma3nz_amean,spectralFluxV_sma3nz_amean,spectralFluxV_sma3nz_amean,slopeV500-1500_sma3nz_stddevNorm,spectralFluxV_sma3nz_amean,slopeUV500-1500_sma3nz_amean,spectralFluxUV_sma3nz_amean,slopeV0-500_sma3nz_amean,slopeV500-1500_sma3nz_amean,spectralFluxV_sma3nz_amean,spectralFluxV_sma3nz_amean,spectralFluxV_sma3nz_amean,spectralFluxUV_sma3nz_amean,slopeV500-1500_sma3nz_amean,spectralFluxUV_sma3nz_amean,slopeV500-1500_sma3nz_amean,slopeV0-500_sma3nz_amean,spectralFluxV_sma3nz_amean,spectralFlux_sma3_stddevNorm,spectralFlux_sma3_amean,spectralFluxUV_sma3nz_amean,slopeV500-1500_sma3nz_amean,spectralFlux_sma3_amean,slopeV500-1500_sma3nz_stddevNorm,spectralFluxV_sma3nz_amean,slopeV0-500_sma3nz_amean,spectralFluxV_sma3nz_amean,spectralFluxUV_sma3nz_amean,spectralFluxV_sma3nz_amean,slopeV0-500_sma3nz_amean,spectralFluxUV_sma3nz_amean,slopeV0-500_sma3nz_amean,spectralFlux_sma3_amean,slopeV0-500_sma3nz_amean,spectralFlux_sma3_amean,slopeV0-500_sma3nz_amean,spectralFluxUV_sma3nz_amean,spectralFluxUV_sma3nz_amean,slopeV500-1500_sma3nz_amean,slopeV500-1500_sma3nz_amean,spectralFluxUV_sma3nz_amean,slopeV500-1500_sma3nz_stddevNorm,spectralFlux_sma3_amean,slopeV0-500_sma3nz_amean,slopeUV500-1500_sma3nz_amean
49,spectralFlux_sma3_amean,spectralFluxUV_sma3nz_amean,spectralFlux_sma3_amean,,spectralFluxUV_sma3nz_amean,spectralFluxV_sma3nz_amean,spectralFlux_sma3_amean,spectralFlux_sma3_amean,spectralFluxUV_sma3nz_amean,spectralFlux_sma3_amean,slopeV0-500_sma3nz_amean,spectralFluxV_sma3nz_amean,slopeV500-1500_sma3nz_stddevNorm,spectralFluxUV_sma3nz_amean,spectralFlux_sma3_amean,spectralFlux_sma3_amean,spectralFlux_sma3_amean,spectralFluxV_sma3nz_amean,spectralFluxUV_sma3nz_amean,spectralFluxV_sma3nz_amean,slopeV500-1500_sma3nz_stddevNorm,slopeV500-1500_sma3nz_amean,spectralFlux_sma3_amean,,spectralFlux_sma3_stddevNorm,spectralFluxV_sma3nz_amean,spectralFluxUV_sma3nz_amean,spectralFlux_sma3_stddevNorm,spectralFluxUV_sma3nz_amean,spectralFlux_sma3_amean,slopeV500-1500_sma3nz_amean,spectralFlux_sma3_amean,spectralFluxV_sma3nz_amean,spectralFlux_sma3_amean,slopeV500-1500_sma3nz_amean,spectralFluxV_sma3nz_amean,slopeV500-1500_sma3nz_amean,spectralFlux_sma3_stddevNorm,slopeV500-1500_sma3nz_amean,spectralFlux_sma3_stddevNorm,slopeV500-1500_sma3nz_amean,spectralFluxV_sma3nz_amean,spectralFluxV_sma3nz_amean,slopeV500-1500_sma3nz_stddevNorm,slopeV500-1500_sma3nz_stddevNorm,spectralFluxV_sma3nz_amean,spectralFluxUV_sma3nz_amean,spectralFlux_sma3_stddevNorm,slopeV500-1500_sma3nz_stddevNorm,slopeV0-500_sma3nz_amean
50,spectralFlux_sma3_stddevNorm,spectralFluxV_sma3nz_amean,spectralFlux_sma3_stddevNorm,,spectralFluxV_sma3nz_amean,spectralFlux_sma3_amean,spectralFlux_sma3_stddevNorm,spectralFlux_sma3_stddevNorm,spectralFluxV_sma3nz_amean,spectralFlux_sma3_stddevNorm,slopeV500-1500_sma3nz_amean,spectralFlux_sma3_amean,spectralFluxUV_sma3nz_amean,spectralFluxV_sma3nz_amean,spectralFlux_sma3_stddevNorm,spectralFlux_sma3_stddevNorm,spectralFlux_sma3_stddevNorm,spectralFlux_sma3_amean,spectralFluxV_sma3nz_amean,spectralFlux_sma3_amean,spectralFluxUV_sma3nz_amean,spectralFluxUV_sma3nz_amean,spectralFlux_sma3_stddevNorm,,,spectralFlux_sma3_amean,spectralFluxV_sma3nz_amean,,spectralFluxV_sma3nz_amean,spectralFlux_sma3_stddevNorm,spectralFluxUV_sma3nz_amean,spectralFlux_sma3_stddevNorm,spectralFlux_sma3_amean,spectralFlux_sma3_stddevNorm,spectralFluxUV_sma3nz_amean,spectralFlux_sma3_amean,spectralFluxUV_sma3nz_amean,,spectralFluxUV_sma3nz_amean,,spectralFluxUV_sma3nz_amean,spectralFlux_sma3_amean,spectralFlux_sma3_amean,spectralFluxUV_sma3nz_amean,spectralFluxUV_sma3nz_amean,spectralFlux_sma3_amean,spectralFluxV_sma3nz_amean,,spectralFluxUV_sma3nz_amean,slopeV500-1500_sma3nz_amean
51,,spectralFlux_sma3_amean,,,spectralFlux_sma3_amean,spectralFlux_sma3_stddevNorm,,,spectralFlux_sma3_amean,,spectralFluxUV_sma3nz_amean,spectralFlux_sma3_stddevNorm,spectralFluxV_sma3nz_amean,spectralFlux_sma3_amean,,,,spectralFlux_sma3_stddevNorm,spectralFlux_sma3_amean,spectralFlux_sma3_stddevNorm,spectralFluxV_sma3nz_amean,spectralFluxV_sma3nz_amean,,,,spectralFlux_sma3_stddevNorm,spectralFlux_sma3_amean,,spectralFlux_sma3_amean,,spectralFluxV_sma3nz_amean,,spectralFlux_sma3_stddevNorm,,spectralFluxV_sma3nz_amean,spectralFlux_sma3_stddevNorm,spectralFluxV_sma3nz_amean,,spectralFluxV_sma3nz_amean,,spectralFluxV_sma3nz_amean,spectralFlux_sma3_stddevNorm,spectralFlux_sma3_stddevNorm,spectralFluxV_sma3nz_amean,spectralFluxV_sma3nz_amean,spectralFlux_sma3_stddevNorm,spectralFlux_sma3_amean,,spectralFluxV_sma3nz_amean,spectralFluxUV_sma3nz_amean
52,,spectralFlux_sma3_stddevNorm,,,spectralFlux_sma3_stddevNorm,,,,spectralFlux_sma3_stddevNorm,,spectralFluxV_sma3nz_amean,,spectralFlux_sma3_amean,spectralFlux_sma3_stddevNorm,,,,,spectralFlux_sma3_stddevNorm,,spectralFlux_sma3_amean,spectralFlux_sma3_amean,,,,,spectralFlux_sma3_stddevNorm,,spectralFlux_sma3_stddevNorm,,spectralFlux_sma3_amean,,,,spectralFlux_sma3_amean,,spectralFlux_sma3_amean,,spectralFlux_sma3_amean,,spectralFlux_sma3_amean,,,spectralFlux_sma3_amean,spectralFlux_sma3_amean,,spectralFlux_sma3_stddevNorm,,spectralFlux_sma3_amean,spectralFluxV_sma3nz_amean
53,,,,,,,,,,,spectralFlux_sma3_amean,,spectralFlux_sma3_stddevNorm,,,,,,,,spectralFlux_sma3_stddevNorm,spectralFlux_sma3_stddevNorm,,,,,,,,,spectralFlux_sma3_stddevNorm,,,,spectralFlux_sma3_stddevNorm,,spectralFlux_sma3_stddevNorm,,spectralFlux_sma3_stddevNorm,,spectralFlux_sma3_stddevNorm,,,spectralFlux_sma3_stddevNorm,spectralFlux_sma3_stddevNorm,,,,spectralFlux_sma3_stddevNorm,spectralFlux_sma3_amean
54,,,,,,,,,,,spectralFlux_sma3_stddevNorm,,,,,,,,,,,,,,,,,,,,,,,,,,,,,,,,,,,,,,,spectralFlux_sma3_stddevNorm
